,cleaned_text
0,now happen genuinely ask do insurance just buy new house
1,hope people manage get safely precious memory
2,absolutely crazy shoot deserve so much more attention
3,feel vogue American always so amazingly artistic ğŸ˜© ğŸ˜©
4,hell house make
5,know â€™ photographer
6,remember first release people hate glad get more positive attention now
7,okay hopefully home
8,message ğŸ˜«
9,geologist want tell bad decision move build house directly side stream river ğŸ’”
10,just lovely Babs
11,family pet ok
12,song
13,download save
14,AHH KEREN BANGET dengan mean YANG SANGAT DALAM so artistic
15,find vogue taiwan instagram real regardless magnificent work whomever
16,love pick siren song
17,feel here Oklahoma too
18,believe people dislike absolutely breathtaking ğŸ§œ ğŸ¼â€ â™€ ï¸
19,have slay hard damn
20,die
21,incroyable
22,eat leave crumb
23,cry scream art
24,D.E.M.A drill fault line release molten magma ocean
25,also call Summer
26,here Oklahoma week last week
27,feel here Oklahoma too
28,D.E.M.A drill fault line release molten magma ocean
29,here Oklahoma week last week
30,also call Summer
31,feel here Oklahoma too
32,also call Summer
33,weather manipulation forsure
34,D.E.M.A drill fault line release molten magma ocean
35,dome need move Texas die here week
36,feel here Oklahoma too
37,also call Summer
38,weather manipulation forsure
39,D.E.M.A drill fault line release molten magma ocean
40,dome need move Texas die here week
