id,createTime,authorId,text,video.urls,shareCount,playCount,commentCount
7143344050417077509,2022-09-14,6606355564501762053,#mtl was fun yesterday!! #mtltiktok #rain#innondation#water#climatechange ,"['https://v77.tiktokcdn-eu.com/99fcbc45eec4fb36db0f6bcd4d7fd55b/678f818c/video/tos/useast2a/tos-useast2a-ve-0068c003/c8b2496583e44729bf1cdcb0025d22ea/?a=1233&bti=Ojs2NGYpQHM6OjZALjU2OmQvcCMxNDNg&ch=0&cr=13&dr=0&er=0&lr=all&net=0&cd=0%7C0%7C0%7C&cv=1&br=2970&bt=1485&cs=0&ds=6&ft=XsFbEqT0mIsPD12ycuyJ3wUlokVSEeF~O5&mime_type=video_mp4&qs=0&rc=ZDw6NTNnNzpoaWU7OGRkNEBpM2lqbWk6ZnM2ZjMzNzczM0AyYC01Ni8xNmMxMGBeNTNeYSMybTFpcjRfc2VgLS1kMTZzcw%3D%3D&vvpl=1&l=202501201114048CDF0663FE868CE94D39&btag=e000b8000', 'https://v16m.tiktokcdn-eu.com/65ec751fa5b7e57084fb8c32f065f063/678f818c/video/tos/useast2a/tos-useast2a-ve-0068c003/c8b2496583e44729bf1cdcb0025d22ea/?a=1233&bti=Ojs2NGYpQHM6OjZALjU2OmQvcCMxNDNg&ch=0&cr=13&dr=0&er=0&lr=all&net=0&cd=0%7C0%7C0%7C&cv=1&br=2970&bt=1485&cs=0&ds=6&ft=XsFbEqT0mIsPD12ycuyJ3wUlokVSEeF~O5&mime_type=video_mp4&qs=0&rc=ZDw6NTNnNzpoaWU7OGRkNEBpM2lqbWk6ZnM2ZjMzNzczM0AyYC01Ni8xNmMxMGBeNTNeYSMybTFpcjRfc2VgLS1kMTZzcw%3D%3D&vvpl=1&l=202501201114048CDF0663FE868CE94D39&btag=e000b8000', 'https://api16-normal-c-useast2a.tiktokv.com/aweme/v1/play/?faid=1233&file_id=a16a8aa5c83b4ffe97442d908207c95a&is_play_url=1&item_id=7143344050417077509&line=0&signaturev3=dmlkZW9faWQ7ZmlsZV9pZDtpdGVtX2lkLmRkMzcxNzVmZDBjZTJhMDJiZDk5MjEwNGU2MzM5MDBm&source=CHALLENGE_AWEME&video_id=v09044g40000cch3vpbc77uflj4gpf50']",4790,5864825,4972
7143623069284748550,2022-09-15,6966234696955872261,Together we can still do it üôèüèºüåé #saveourplanet #climatechange #savetheworld ,"['https://v16m.tiktokcdn-eu.com/4f1314ce092dfc7f9d7fb3ce11be3ee5/678f81b1/video/tos/useast2a/tos-useast2a-ve-0068c001-euttp/og3xIeCffDAkhUCyxwFtGrNQiEygYEDKEPfnVE/?a=1233&bti=NXYpNDs8QGo6OjZAOm00NTAuYCMxNDNg&ch=0&cr=13&dr=0&er=0&lr=all&net=0&cd=0%7C0%7C0%7C&br=872&bt=436&cs=0&ds=6&ft=XsFbEqT0mI2PD12ycuyJ3wUgiiK6aeF~O5&mime_type=video_mp4&qs=0&rc=ODwzNzs3Ojk1N2U7NWg7PEBpM3J5b3A5cmlydDMzZjgzM0BjXjBgXmJfNTAxMTY1YWNiYSMuMS5zMmRzYF5gLS1kL2Nzcw%3D%3D&vvpl=1&l=20250120111404E438A636A8240BE65C4A&btag=e00088000', 'https://v77.tiktokcdn-eu.com/98a3f66da3c665098b333590ae6e30ed/678f81b1/video/tos/useast2a/tos-useast2a-ve-0068c001-euttp/og3xIeCffDAkhUCyxwFtGrNQiEygYEDKEPfnVE/?a=1233&bti=NXYpNDs8QGo6OjZAOm00NTAuYCMxNDNg&ch=0&cr=13&dr=0&er=0&lr=all&net=0&cd=0%7C0%7C0%7C&br=872&bt=436&cs=0&ds=6&ft=XsFbEqT0mI2PD12ycuyJ3wUgiiK6aeF~O5&mime_type=video_mp4&qs=0&rc=ODwzNzs3Ojk1N2U7NWg7PEBpM3J5b3A5cmlydDMzZjgzM0BjXjBgXmJfNTAxMTY1YWNiYSMuMS5zMmRzYF5gLS1kL2Nzcw%3D%3D&vvpl=1&l=20250120111404E438A636A8240BE65C4A&btag=e00088000', 'https://api16-normal-c-useast2a.tiktokv.com/aweme/v1/play/?faid=1233&file_id=e9f8de82984b443286b7e4a8c430a9f5&is_play_url=1&item_id=7143623069284748550&line=0&signaturev3=dmlkZW9faWQ7ZmlsZV9pZDtpdGVtX2lkLmRkOTA4YzhlNmJhNzM4YzAwMzNmOTAxZTYwMDU4ZTI0&source=CHALLENGE_AWEME&video_id=v0f025gc0000cqaocfvog65mvl1v4o10']",3736,2943007,3036
7143962475757604101,2022-09-16,6757754163742032902,Forza Marche! üáÆüáπ #neiperte #climatechange #italy #marche #storm ,"['https://v15m.tiktokcdn-eu.com/bf5de354933e63a1e4f16d9a75f75d66/678f81c1/video/tos/useast2a/tos-useast2a-ve-0068c004/68c33bee9d904443bc417418a247d149/?a=1233&bti=NXYpNDs8QGo6OjZAOm00NTAuYCMxNDNg&ch=0&cr=13&dr=0&er=0&lr=all&net=0&cd=0%7C0%7C0%7C&cv=1&br=2646&bt=1323&cs=0&ds=6&ft=td_Lr8QLodzR12Nvufq8eIxRZ-Q.xq_45SY&mime_type=video_mp4&qs=0&rc=ZjhpNDw1ODhpNjtmOTo0aEBpajpvPDc6Zms6ZjMzNzczM0AyLjQ1MC8uNjIxYWIzLy1eYSNrZWtvcjQwNGZgLS1kMTZzcw%3D%3D&vvpl=1&l=202501201114404F89EA561FFCC8EB6D3F&btag=e00088000', 'https://v45.tiktokcdn-eu.com/d9345d551cd22e939fc372f28973875b/678f81c1/video/tos/useast2a/tos-useast2a-ve-0068c004/68c33bee9d904443bc417418a247d149/?a=1233&bti=NXYpNDs8QGo6OjZAOm00NTAuYCMxNDNg&ch=0&cr=13&dr=0&er=0&lr=all&net=0&cd=0%7C0%7C0%7C&cv=1&br=2646&bt=1323&cs=0&ds=6&ft=td_Lr8QLodzR12Nvufq8eIxRZ-Q.xq_45SY&mime_type=video_mp4&qs=0&rc=ZjhpNDw1ODhpNjtmOTo0aEBpajpvPDc6Zms6ZjMzNzczM0AyLjQ1MC8uNjIxYWIzLy1eYSNrZWtvcjQwNGZgLS1kMTZzcw%3D%3D&vvpl=1&l=202501201114404F89EA561FFCC8EB6D3F&btag=e0008d000', 'https://api16-normal-c-useast2a.tiktokv.com/aweme/v1/play/?faid=1233&file_id=ae012766ecd8435f95152239817f155c&is_play_url=1&item_id=7143962475757604101&line=0&signaturev3=dmlkZW9faWQ7ZmlsZV9pZDtpdGVtX2lkLjUwYTEyNDNhNWJlMDBlNzUyMDk3ODFiZjBlNWE2MjMx&source=CHALLENGE_AWEME&video_id=v09044g40000cci77h3c77u4r9nlh7ng']",847,573977,961
7144330799645543685,2022-09-17,7125391387152270341,i haven‚Äôt posted in awhile #fyp #foryou #foryoupage #saveourearth #climatecrisis #climate #earth #lettheearthbreathe #savetheearth #climatechange ,"['https://v77.tiktokcdn-eu.com/4d701426728dd34f1004c03c95f4e175/678f819a/video/tos/useast2a/tos-useast2a-ve-0068c002/1f99036f0634460f9fe18117c3a8365c/?a=1233&bti=Ojs2NGYpQHM6OjZALjU2OmQvcCMxNDNg&ch=0&cr=13&dr=0&er=0&lr=all&net=0&cd=0%7C0%7C0%7C&cv=1&br=906&bt=453&cs=0&ds=6&ft=XsFbEqT0mIsPD12ycuyJ3wUlokVSEeF~O5&mime_type=video_mp4&qs=0&rc=ZTpmOWRlZzw6aDg4PDtlNUBpamlycTM6Zmp2ZjMzNzczM0A2X2MtL2JfNWIxYGIvMzZeYSMvLWxmcjRnMmZgLS1kMTZzcw%3D%3D&vvpl=1&l=202501201114048CDF0663FE868CE94D39&btag=e000b8000', 'https://v16m.tiktokcdn-eu.com/a4c44f071e9c4faccb670f56ed8f18ca/678f819a/video/tos/useast2a/tos-useast2a-ve-0068c002/1f99036f0634460f9fe18117c3a8365c/?a=1233&bti=Ojs2NGYpQHM6OjZALjU2OmQvcCMxNDNg&ch=0&cr=13&dr=0&er=0&lr=all&net=0&cd=0%7C0%7C0%7C&cv=1&br=906&bt=453&cs=0&ds=6&ft=XsFbEqT0mIsPD12ycuyJ3wUlokVSEeF~O5&mime_type=video_mp4&qs=0&rc=ZTpmOWRlZzw6aDg4PDtlNUBpamlycTM6Zmp2ZjMzNzczM0A2X2MtL2JfNWIxYGIvMzZeYSMvLWxmcjRnMmZgLS1kMTZzcw%3D%3D&vvpl=1&l=202501201114048CDF0663FE868CE94D39&btag=e000b8000', 'https://api16-normal-c-useast2a.tiktokv.com/aweme/v1/play/?faid=1233&file_id=a29b6829e5c54ee789bdeb2a06fcb79b&is_play_url=1&item_id=7144330799645543685&line=0&signaturev3=dmlkZW9faWQ7ZmlsZV9pZDtpdGVtX2lkLjRmZTQ1ZjI0NmZkZjA0ZWU4YTBiYWQ3N2RkODI5NjBk&source=CHALLENGE_AWEME&video_id=v09044g40000ccis5gjc77u0inoo0f2g']",2099,2300380,2339
7144573582440484122,2022-09-18,6928760643127264258,#‡∏ó‡∏≤‡∏á‡∏≠‡∏≠‡∏Å #‡∏ó‡∏∏‡∏Å‡∏õ‡∏±‡∏ç‡∏´‡∏≤ #‡∏ó‡∏∏‡∏Å‡∏õ‡∏±‡∏ç‡∏´‡∏≤‡∏°‡∏µ‡∏ó‡∏≤‡∏á‡∏≠‡∏≠‡∏Å ‡πÑ‡∏°‡πà‡∏°‡∏µ‡∏Å‡∏≤‡∏£‡∏ä‡∏ô‡∏∞‡πÉ‡∏î‡∏¢‡∏¥‡πà‡∏á‡πÉ‡∏´‡∏ç‡πà‡πÄ‡∏ó‡πà‡∏≤‡∏Å‡∏≤‡∏£ #‡∏ä‡∏ô‡∏∞‡πÉ‡∏à‡∏ï‡∏±‡∏ß‡πÄ‡∏≠‡∏á #‡∏Ñ‡∏ï‡∏¥‡∏ò‡∏£‡∏£‡∏° ‡∏à‡∏≤‡∏Å #‡∏ü‡∏≤‡∏£‡πå‡∏° #‡πÄ‡∏Æ‡∏∑‡∏≠‡∏ô‡∏ã‡∏≤‡∏¢‡πÇ‡∏ó‡πà‡∏á #‡πÇ‡∏Ñ‡∏Å‡∏´‡∏ô‡∏≠‡∏á‡∏ô‡∏≤‡πÇ‡∏°‡πÄ‡∏î‡∏• #‡πÄ‡∏Å‡∏©‡∏ï‡∏£‡∏ó‡∏§‡∏©‡∏é‡∏µ‡πÉ‡∏´‡∏°‡πà #‡πÄ‡∏®‡∏£‡∏©‡∏ê‡∏Å‡∏¥‡∏à‡∏û‡∏≠‡πÄ‡∏û‡∏µ‡∏¢‡∏á #‡∏®‡∏≤‡∏™‡∏ï‡∏£‡πå‡∏û‡∏£‡∏∞‡∏£‡∏≤‡∏ä‡∏≤ #‡πÄ‡∏Å‡∏©‡∏ï‡∏£‡∏≠‡∏¥‡∏ô‡∏ó‡∏£‡∏µ‡∏¢‡πå #‡πÄ‡∏Å‡∏©‡∏ï‡∏£‡∏ú‡∏™‡∏°‡∏ú‡∏™‡∏≤‡∏ô #‡πÄ‡∏Å‡∏©‡∏ï‡∏£‡∏Å‡∏£ #‡πÄ‡∏Å‡∏©‡∏ï‡∏£‡∏Å‡∏£‡∏£‡∏∏‡πà‡∏ô‡πÉ‡∏´‡∏°‡πà #‡∏≠‡∏≤‡∏´‡∏≤‡∏£‡∏™‡∏°‡∏≠‡∏á #‡πÄ‡∏õ‡∏¥‡∏î‡∏Å‡∏≤‡∏£‡∏°‡∏≠‡∏á‡πÄ‡∏´‡πá‡∏ô #agriculture #organicfarm #farmer #farmerlife #reducecarbonfootprint #climatechange #fyp #tiktoklife #tiktoklifehacks #tiktokagri #tiktokagriculture #tiktokuni #‡∏Æ‡∏≤‡∏ß‡∏ó‡∏πTikTok #tiktoklive #tiktokthailand ,"['https://v16m.tiktokcdn-eu.com/7e7cf15b97d61ce5eae5eb03dbcef452/678f8220/video/tos/useast2a/tos-useast2a-pve-0037-aiso/0321f88fc6da410fabcea03ce6644aa5/?a=1233&bti=NXYpNDs8QGo6OjZAOm00NTAuYCMxNDNg&ch=0&cr=13&dr=0&er=0&lr=all&net=0&cd=0%7C0%7C0%7C&cv=1&br=7104&bt=3552&cs=0&ds=6&ft=XsFbEqT0mIsPD12sxMyJ3wUH.J6ijeF~O5&mime_type=video_mp4&qs=0&rc=PDppNTRlZzg6O2ZmaWUzOEBpam5ybDg6ZmY8ZjMzZjgzM0AvMDIyLmA0XjExXjUwNWIzYSMzaC9jcjRncmdgLS1kL2Nzcw%3D%3D&vvpl=1&l=202501201114129A506DD9F05D7FF0D14B&btag=e00090000', 'https://v77.tiktokcdn-eu.com/8c73cf0d04ef521a02b16fa292de4005/678f8220/video/tos/useast2a/tos-useast2a-pve-0037-aiso/0321f88fc6da410fabcea03ce6644aa5/?a=1233&bti=NXYpNDs8QGo6OjZAOm00NTAuYCMxNDNg&ch=0&cr=13&dr=0&er=0&lr=all&net=0&cd=0%7C0%7C0%7C&cv=1&br=7104&bt=3552&cs=0&ds=6&ft=XsFbEqT0mIsPD12sxMyJ3wUH.J6ijeF~O5&mime_type=video_mp4&qs=0&rc=PDppNTRlZzg6O2ZmaWUzOEBpam5ybDg6ZmY8ZjMzZjgzM0AvMDIyLmA0XjExXjUwNWIzYSMzaC9jcjRncmdgLS1kL2Nzcw%3D%3D&vvpl=1&l=202501201114129A506DD9F05D7FF0D14B&btag=e00090000', 'https://api16-normal-c-useast2a.tiktokv.com/aweme/v1/play/?faid=1233&file_id=65e08b3f8cac4847a57dcb11525f3729&is_play_url=1&item_id=7144573582440484122&line=0&signaturev3=dmlkZW9faWQ7ZmlsZV9pZDtpdGVtX2lkLmVjNDQ3Y2UzN2EzMzRlMjExMmE3MTYzZWNhOTQyMTY4&source=CHALLENGE_AWEME&video_id=v0f025gc0000ccj9ucjc77u5fi2okk6g']",1174,2453440,5011
7144844623851064618,2022-09-19,6738446549145764869,"Hurricane Fiona brought powerful winds and catastrophic flooding to Puerto Rico, leaving the entire country without power. #puertorico #weather #climatechange ","['https://v77.tiktokcdn-eu.com/81842ef0022218e05bf4dfcea0ea0c14/678f81a6/video/tos/maliva/tos-maliva-ve-0068c799-us/cc09ba7143f04da588bd30d14c635e20/?a=1233&bti=NXYpNDs8QGo6OjZAOm00NTAuYCMxNDNg&ch=0&cr=13&dr=0&er=0&lr=all&net=0&cd=0%7C0%7C0%7C&cv=1&br=3530&bt=1765&cs=0&ds=6&ft=XsFbEqT0mI2PD12OxMyJ3wUjPKKLaeF~O5&mime_type=video_mp4&qs=0&rc=aGlkZDRoOzw0NDtnOWRnNUBpMzRydGc6ZmhzZjMzZzczNEAuLTZfYWFhNi8xYy1jMF40YSM2M2UtcjRnNmdgLS1kMS9zcw%3D%3D&vvpl=1&l=2025012011141632C48B5037A622EE08FE&btag=e000b8000', 'https://v16m.tiktokcdn-eu.com/c241e1b24697ac17b0ff00e520ffe0cd/678f81a6/video/tos/maliva/tos-maliva-ve-0068c799-us/cc09ba7143f04da588bd30d14c635e20/?a=1233&bti=NXYpNDs8QGo6OjZAOm00NTAuYCMxNDNg&ch=0&cr=13&dr=0&er=0&lr=all&net=0&cd=0%7C0%7C0%7C&cv=1&br=3530&bt=1765&cs=0&ds=6&ft=XsFbEqT0mI2PD12OxMyJ3wUjPKKLaeF~O5&mime_type=video_mp4&qs=0&rc=aGlkZDRoOzw0NDtnOWRnNUBpMzRydGc6ZmhzZjMzZzczNEAuLTZfYWFhNi8xYy1jMF40YSM2M2UtcjRnNmdgLS1kMS9zcw%3D%3D&vvpl=1&l=2025012011141632C48B5037A622EE08FE&btag=e000b8000', 'https://api16-normal-c-useast2a.tiktokv.com/aweme/v1/play/?faid=1233&file_id=72ad3af60df8412199d8ded1ba9a0f1e&is_play_url=1&item_id=7144844623851064618&line=0&signaturev3=dmlkZW9faWQ7ZmlsZV9pZDtpdGVtX2lkLjFmZmI1ZDg4MDA5YmYyNzIzYmNlMjU5NjIyY2Y4MDYy&source=CHALLENGE_AWEME&video_id=v12044gd0000ccjp9ejc77ud0qho6190']",546,762135,972
7145493259815603461,2022-09-20,7144735520425526278,Why Climate Change Is Fake #climatechange #fyp #alpha #ben #shapiro #benshapiro #democratsareidiots #democratsareidiots #foryoupage,"['https://v77.tiktokcdn-eu.com/083cf56998330e7092010cddd1d99392/678f81e7/video/tos/useast2a/tos-useast2a-ve-0068c001/e1c18be418894afc9c2bf798b8a545a8/?a=1233&bti=NXYpNDs8QGo6OjZAOm00NTAuYCMxNDNg&ch=0&cr=13&dr=0&er=0&lr=all&net=0&cd=0%7C0%7C0%7C&cv=1&br=840&bt=420&cs=0&ds=6&ft=p6JrAMMK8Zmo0fQWHb4jVDjn~SWrKsd.&mime_type=video_mp4&qs=0&rc=aDw1aGhlNTQ6OzpnNTgzO0BpamtkbTo6Zmh4ZjMzNzgzM0AvY18wYjExX2MxNTI2LmJjYSNtcC5vcjRfM2hgLS1kLzZzcw%3D%3D&vvpl=1&l=2025012011141814E5E9E10C4103E77D9E&btag=e00090000', 'https://v45-p.tiktokcdn-eu.com/443727fe60e5f396821500c2f494c4d0/678f81e7/video/tos/useast2a/tos-useast2a-ve-0068c001/e1c18be418894afc9c2bf798b8a545a8/?a=1233&bti=NXYpNDs8QGo6OjZAOm00NTAuYCMxNDNg&ch=0&cr=13&dr=0&er=0&lr=all&net=0&cd=0%7C0%7C0%7C&cv=1&br=840&bt=420&cs=0&ds=6&ft=p6JrAMMK8Zmo0fQWHb4jVDjn~SWrKsd.&mime_type=video_mp4&qs=0&rc=aDw1aGhlNTQ6OzpnNTgzO0BpamtkbTo6Zmh4ZjMzNzgzM0AvY18wYjExX2MxNTI2LmJjYSNtcC5vcjRfM2hgLS1kLzZzcw%3D%3D&vvpl=1&l=2025012011141814E5E9E10C4103E77D9E&btag=e00095000', 'https://api16-normal-c-useast2a.tiktokv.com/aweme/v1/play/?faid=1233&file_id=f8e015925d8748f7b1424bee3eb2f92e&is_play_url=1&item_id=7145493259815603461&line=0&signaturev3=dmlkZW9faWQ7ZmlsZV9pZDtpdGVtX2lkLmQ2NmIyYTAzNjBlYjNjMmZiODFkYTQ2ZDg3NjNiOTNj&source=CHALLENGE_AWEME&video_id=v09025g40000ccku6ebc77u7rj1ashpg']",1029,1355917,4784
7145640089220222254,2022-09-21,6749773962819486726,#greenscreen the more we ignore our climate emergency the harsher it will greet us. #fiona #puertorico #mexico #earthquake #climatechange #latinxHeritagMonth #CasaTikTok ,['https://api16-normal-c-useast2a.tiktokv.com/aweme/v1/play/?video_id=v12044gd0000ccl6g6jc77udjrij2l6g&line=0&is_play_url=1&source=CHALLENGE_AWEME&item_id=7145640089220222254&sign=b8a56313aa53d0ef687fc6e94f5fd044&signaturev3=dmlkZW9faWQ7ZmlsZV9pZDtpdGVtX2lkLjVlZjJkZmUxMmQ3MzY1MDMwOGMwM2RjMTJmMzNmOTUw&shp=d05b14bd&shcp=-'],390,167931,305
7146396688104590634,2022-09-23,6643983493737791493,Let's all just calm down and trust God to take care of things... #conspiracy #prophecy #liberal #conservative #climatechange #apocalypse #christian #endtimes,"['https://v16m.tiktokcdn-eu.com/4708c843e7ebd46df81e15a076c01cfa/678f8226/video/tos/maliva/tos-maliva-ve-0068c799-us/4e5e30c836bb413a93ffb34d4c33a145/?a=1233&bti=Ojs2NGYpQHM6OjZALjU2OmQvcCMxNDNg&ch=0&cr=13&dr=0&er=0&lr=all&net=0&cd=0%7C0%7C0%7C&cv=1&br=2774&bt=1387&cs=0&ds=6&ft=XsFbEqT0mI2PD122xMyJ3wU.WGSwjeF~O5&mime_type=video_mp4&qs=0&rc=ODs0NzhoaDk2aWk1PGk8NEBpang8cGY6ZnJrZjMzZzczNEAvLi0wMzReXzIxLTYwXzIwYSM1YWZfcjRfL2pgLS1kMS9zcw%3D%3D&vvpl=1&l=20250120111409437F47D44A2DFDE65576&btag=e00090000', 'https://v77.tiktokcdn-eu.com/a597c8a4d0f7e7febc4cb11fd752df5e/678f8226/video/tos/maliva/tos-maliva-ve-0068c799-us/4e5e30c836bb413a93ffb34d4c33a145/?a=1233&bti=Ojs2NGYpQHM6OjZALjU2OmQvcCMxNDNg&ch=0&cr=13&dr=0&er=0&lr=all&net=0&cd=0%7C0%7C0%7C&cv=1&br=2774&bt=1387&cs=0&ds=6&ft=XsFbEqT0mI2PD122xMyJ3wU.WGSwjeF~O5&mime_type=video_mp4&qs=0&rc=ODs0NzhoaDk2aWk1PGk8NEBpang8cGY6ZnJrZjMzZzczNEAvLi0wMzReXzIxLTYwXzIwYSM1YWZfcjRfL2pgLS1kMS9zcw%3D%3D&vvpl=1&l=20250120111409437F47D44A2DFDE65576&btag=e00090000', 'https://api16-normal-c-useast2a.tiktokv.com/aweme/v1/play/?faid=1233&file_id=3159bf39920f4f53b6ae7e6534011825&is_play_url=1&item_id=7146396688104590634&line=0&signaturev3=dmlkZW9faWQ7ZmlsZV9pZDtpdGVtX2lkLjgyMzEwMTAxZTE0ODYwZGQ2MWFlMzM5NGQ0MTI4ZDBl&source=CHALLENGE_AWEME&video_id=v12044gd0000ccmh2obc77ucbmi9du8g']",4456,1063001,2829
7146900341810810139,2022-09-24,6928760643127264258,#‡∏õ‡∏£‡∏∞‡πÇ‡∏¢‡∏ä‡∏ô‡πå ‡∏Ç‡∏≠‡∏á‡∏Å‡∏≤‡∏£ #‡∏Å‡∏¥‡∏ô‡∏°‡∏∑‡πâ‡∏≠‡πÄ‡∏î‡∏µ‡∏¢‡∏ß #‡∏¢‡∏¥‡πà‡∏á‡∏´‡∏¥‡∏ß‡∏¢‡∏¥‡πà‡∏á‡∏™‡∏∏‡∏Ç‡∏†‡∏≤‡∏û‡∏î‡∏µ #‡∏Å‡∏¥‡∏ô‡∏ô‡πâ‡∏≠‡∏¢ #‡∏ó‡∏∏‡∏Å‡∏Ç‡πå‡∏ô‡πâ‡∏≠‡∏¢ #‡∏™‡∏∏‡∏Ç‡∏†‡∏≤‡∏û‡∏î‡∏µ ‡∏à‡∏≤‡∏Å #‡∏ü‡∏≤‡∏£‡πå‡∏° #‡πÄ‡∏Æ‡∏∑‡∏≠‡∏ô‡∏ã‡∏≤‡∏¢‡πÇ‡∏ó‡πà‡∏á #‡πÇ‡∏Ñ‡∏Å‡∏´‡∏ô‡∏≠‡∏á‡∏ô‡∏≤‡πÇ‡∏°‡πÄ‡∏î‡∏• #‡πÄ‡∏Å‡∏©‡∏ï‡∏£‡∏ó‡∏§‡∏©‡∏é‡∏µ‡πÉ‡∏´‡∏°‡πà #‡πÄ‡∏®‡∏£‡∏©‡∏ê‡∏Å‡∏¥‡∏à‡∏û‡∏≠‡πÄ‡∏û‡∏µ‡∏¢‡∏á #‡∏®‡∏≤‡∏™‡∏ï‡∏£‡πå‡∏û‡∏£‡∏∞‡∏£‡∏≤‡∏ä‡∏≤ #‡πÄ‡∏Å‡∏©‡∏ï‡∏£‡∏≠‡∏¥‡∏ô‡∏ó‡∏£‡∏µ‡∏¢‡πå #‡πÄ‡∏Å‡∏©‡∏ï‡∏£‡∏ú‡∏™‡∏°‡∏ú‡∏™‡∏≤‡∏ô #‡πÄ‡∏Å‡∏©‡∏ï‡∏£‡∏Å‡∏£ #‡πÄ‡∏Å‡∏©‡∏ï‡∏£‡∏Å‡∏£‡∏£‡∏∏‡πà‡∏ô‡πÉ‡∏´‡∏°‡πà #‡∏≠‡∏≤‡∏´‡∏≤‡∏£‡∏™‡∏°‡∏≠‡∏á #‡πÄ‡∏õ‡∏¥‡∏î‡∏Å‡∏≤‡∏£‡∏°‡∏≠‡∏á‡πÄ‡∏´‡πá‡∏ô #agriculture #organicfarm #farmer #farmerlife #reducecarbonfootprint #climatechange #fyp #tiktoklife #tiktoklifehacks #tiktokagri #tiktokagriculture #tiktokuni #‡∏Æ‡∏≤‡∏ß‡∏ó‡∏πTikTok #tiktoklive #tiktokthailand ,"['https://v45.tiktokcdn-eu.com/b18d5df8f3a041fd4e0bf7f920024b55/678f81c6/video/tos/useast2a/tos-useast2a-pve-0037c001-aiso/e6ee0c92cd8349fb82d869d7365f6363/?a=1233&bti=NXYpNDs8QGo6OjZAOm00NTAuYCMxNDNg&ch=0&cr=13&dr=0&er=0&lr=all&net=0&cd=0%7C0%7C0%7C&cv=1&br=2328&bt=1164&cs=0&ds=6&ft=td_Lr8QLodzR12Nv8pd8eIxRZ-Q.xq_45SY&mime_type=video_mp4&qs=0&rc=PGc4ZmYzPGkzOjo7NjM0ZEBpajp5Ozc6Zm9oZjMzZjgzM0BjM2AzYDJgNS4xMjQ2NGAtYSNeYGNscjRnM2tgLS1kL2Nzcw%3D%3D&vvpl=1&l=20250120111404C47BB4BEE5A327EE106A&btag=e00095000', 'https://v16m.tiktokcdn-eu.com/5de45968a0fc93832813da7f54a5796a/678f81c6/video/tos/useast2a/tos-useast2a-pve-0037c001-aiso/e6ee0c92cd8349fb82d869d7365f6363/?a=1233&bti=NXYpNDs8QGo6OjZAOm00NTAuYCMxNDNg&ch=0&cr=13&dr=0&er=0&lr=all&net=0&cd=0%7C0%7C0%7C&cv=1&br=2328&bt=1164&cs=0&ds=6&ft=td_Lr8QLodzR12Nv8pd8eIxRZ-Q.xq_45SY&mime_type=video_mp4&qs=0&rc=PGc4ZmYzPGkzOjo7NjM0ZEBpajp5Ozc6Zm9oZjMzZjgzM0BjM2AzYDJgNS4xMjQ2NGAtYSNeYGNscjRnM2tgLS1kL2Nzcw%3D%3D&vvpl=1&l=20250120111404C47BB4BEE5A327EE106A&btag=e00090000', 'https://api16-normal-c-useast2a.tiktokv.com/aweme/v1/play/?faid=1233&file_id=0ac17093785747108fc950cc6cc56df9&is_play_url=1&item_id=7146900341810810139&line=0&signaturev3=dmlkZW9faWQ7ZmlsZV9pZDtpdGVtX2lkLmVlODUyYWVmYzFlNjdjMzlmZjNlYjU1ZWQ0ODUzY2U0&source=CHALLENGE_AWEME&video_id=v0f025gc0000ccne6ljc77u4o8fvc7ag']",22101,4328050,6987
7147314461160819995,2022-09-25,7102663280099017755,Imagine sierra madre doing this #sierramadrelongmountainsinthephilippines #sierramadre #climatechange #SuperBagyo,"['https://v45.tiktokcdn-eu.com/b310030072ae94a571bfeb59a6fd82e7/678f81b5/video/tos/useast2a/tos-useast2a-pve-0037-aiso/a3dceed8ec5b4070beff83686b80e3fe/?a=1233&bti=NXYpNDs8QGo6OjZAOm00NTAuYCMxNDNg&ch=0&cr=13&dr=0&er=0&lr=all&net=0&cd=0%7C0%7C0%7C&cv=1&br=850&bt=425&cs=0&ds=6&ft=td_Lr8QLodzR12Nvufq8eIxRIk~pbQ_45SY&mime_type=video_mp4&qs=0&rc=Z2g0NTw6MzQ5NzgzN2U1M0Bpamlwcjg6Zjc4ZjMzZjgzM0A0LS9gYi8uXi4xMS01NmNhYSNmZ2JjcjRfbWxgLS1kL2Nzcw%3D%3D&vvpl=1&l=202501201114400907F87F4F8BDDEC59DD&btag=e000bd000', 'https://v16m.tiktokcdn-eu.com/2a28c635c2c69a60789073634004c2f5/678f81b5/video/tos/useast2a/tos-useast2a-pve-0037-aiso/a3dceed8ec5b4070beff83686b80e3fe/?a=1233&bti=NXYpNDs8QGo6OjZAOm00NTAuYCMxNDNg&ch=0&cr=13&dr=0&er=0&lr=all&net=0&cd=0%7C0%7C0%7C&cv=1&br=850&bt=425&cs=0&ds=6&ft=td_Lr8QLodzR12Nvufq8eIxRIk~pbQ_45SY&mime_type=video_mp4&qs=0&rc=Z2g0NTw6MzQ5NzgzN2U1M0Bpamlwcjg6Zjc4ZjMzZjgzM0A0LS9gYi8uXi4xMS01NmNhYSNmZ2JjcjRfbWxgLS1kL2Nzcw%3D%3D&vvpl=1&l=202501201114400907F87F4F8BDDEC59DD&btag=e000b8000', 'https://api16-normal-c-useast2a.tiktokv.com/aweme/v1/play/?faid=1233&file_id=d0f29b8400454416a11027e9c2210e7d&is_play_url=1&item_id=7147314461160819995&line=0&signaturev3=dmlkZW9faWQ7ZmlsZV9pZDtpdGVtX2lkLjQ4ZTY5M2U4NzczMGZhNWExOTVkOTc1NGJmODBmMjA5&source=CHALLENGE_AWEME&video_id=v0f025gc0000cco5p4bc77u5foemjfig']",423,558192,456
7147746563689893126,2022-09-26,6805177494955738117,How many plastic card have you eaten? ü•µ The results of these studies are SO worrying... #arctic #climatechange #globalwarming #microplastics #pollution #pollutionawareness ,"['https://v45.tiktokcdn-eu.com/2574a97dcba72a0943068433562103a7/678f81b3/video/tos/useast2a/tos-useast2a-ve-0068c004/84c9972d3b654ae08f446f7baa7c3cb8/?a=1233&bti=Ojs2NGYpQHM6OjZALjU2OmQvcCMxNDNg&ch=0&cr=13&dr=0&er=0&lr=all&net=0&cd=0%7C0%7C0%7C&cv=1&br=2788&bt=1394&cs=0&ds=6&ft=td_Lr8QLodzR12NvEfq8eIxRIk~pbQ_45SY&mime_type=video_mp4&qs=0&rc=M2Y5OWZkOTYzNTw8MzY0M0BpanU1bzQ6ZnV4ZjMzNzczM0AuYTUtXmMvNTUxNTJeNmMuYSNsaXFtcjRfXmxgLS1kMTZzcw%3D%3D&vvpl=1&l=2025012011142514FF403D34DB0CE83F81&btag=e0008d000', 'https://v15m.tiktokcdn-eu.com/980ab20f091b19262df093edff1068e9/678f81b3/video/tos/useast2a/tos-useast2a-ve-0068c004/84c9972d3b654ae08f446f7baa7c3cb8/?a=1233&bti=Ojs2NGYpQHM6OjZALjU2OmQvcCMxNDNg&ch=0&cr=13&dr=0&er=0&lr=all&net=0&cd=0%7C0%7C0%7C&cv=1&br=2788&bt=1394&cs=0&ds=6&ft=td_Lr8QLodzR12NvEfq8eIxRIk~pbQ_45SY&mime_type=video_mp4&qs=0&rc=M2Y5OWZkOTYzNTw8MzY0M0BpanU1bzQ6ZnV4ZjMzNzczM0AuYTUtXmMvNTUxNTJeNmMuYSNsaXFtcjRfXmxgLS1kMTZzcw%3D%3D&vvpl=1&l=2025012011142514FF403D34DB0CE83F81&btag=e00088000', 'https://api16-normal-c-useast2a.tiktokv.com/aweme/v1/play/?faid=1233&file_id=10f193a0598942808326faac0686dc10&is_play_url=1&item_id=7147746563689893126&line=0&signaturev3=dmlkZW9faWQ7ZmlsZV9pZDtpdGVtX2lkLmQxNzk4ODBkNzlkOTg1YmExMTVjYzJhNjBlZmNmZWQ4&source=CHALLENGE_AWEME&video_id=v09044g40000ccouarbc77u1plt2lrog']",436,538067,555
7147939302440291627,2022-09-27,6993899054099432453,"Replying to @tarabellerose We must keep fighting for change, the clock has been pushed back before and I have hope that we can do it again. üåé #ecotokcentral #climateclock #actintime #climatechange #climatecrisis #globalwarming #savetheearth #takeaction #foryou ","['https://v45.tiktokcdn-eu.com/69881c7347f047065746824122f0ad05/678f81af/video/tos/maliva/tos-maliva-ve-0068c800-us/6349779acac443ed8f70b4b3811291c6/?a=1233&bti=NXYpNDs8QGo6OjZAOm00NTAuYCMxNDNg&ch=0&cr=13&dr=0&er=0&lr=all&net=0&cd=0%7C0%7C0%7C&cv=1&br=1492&bt=746&cs=0&ds=6&ft=td_Lr8QLodzR12Nvsfq8eIxRZ-Q.xq_45SY&mime_type=video_mp4&qs=0&rc=NDU7Omc8aTZkNmlmaWU6ZEBpamlrOjw6ZmU8ZjMzZzczNEAvYDVgMTVhNTMxLmIwYC00YSNwb2Q1cjRfNG1gLS1kMS9zcw%3D%3D&vvpl=1&l=2025012011143062FE65AFEDA10BF80C4D&btag=e000bd000', 'https://v15m.tiktokcdn-eu.com/71bdddfa3b2989830b9faa08708d7ce3/678f81af/video/tos/maliva/tos-maliva-ve-0068c800-us/6349779acac443ed8f70b4b3811291c6/?a=1233&bti=NXYpNDs8QGo6OjZAOm00NTAuYCMxNDNg&ch=0&cr=13&dr=0&er=0&lr=all&net=0&cd=0%7C0%7C0%7C&cv=1&br=1492&bt=746&cs=0&ds=6&ft=td_Lr8QLodzR12Nvsfq8eIxRZ-Q.xq_45SY&mime_type=video_mp4&qs=0&rc=NDU7Omc8aTZkNmlmaWU6ZEBpamlrOjw6ZmU8ZjMzZzczNEAvYDVgMTVhNTMxLmIwYC00YSNwb2Q1cjRfNG1gLS1kMS9zcw%3D%3D&vvpl=1&l=2025012011143062FE65AFEDA10BF80C4D&btag=e000b8000', 'https://api16-normal-c-useast2a.tiktokv.com/aweme/v1/play/?faid=1233&file_id=7a07cb3fec1f436a83df894dc788c221&is_play_url=1&item_id=7147939302440291627&line=0&signaturev3=dmlkZW9faWQ7ZmlsZV9pZDtpdGVtX2lkLmI3NjdjMzM4MjhjYWE0YWM2NGM3MTIyMzc4MjcyZGFj&source=CHALLENGE_AWEME&video_id=v12044gd0000ccp97bbc77u987ghrfsg']",1656,214355,719
7148436887957540102,2022-09-28,6926940523131831301,Does your ‚ú®Cap1talism‚ú® subscription make you #FeelDedInside? A different future is possible. Alternatives that respect people and planet already exist. Collab: join @greenpeace_international  on a journey to explore #AlternativesFutures. Visit link in bio to join the conversation. #capitalism #fyp #climate #climatechange #climateemergency #biodiversity #Invertido #greenscreen ,"['https://v45.tiktokcdn-eu.com/6a8a1a04710a9f78741f7c770db07daf/678f81bd/video/tos/useast2a/tos-useast2a-ve-0068c001/9c54b1d146504e0899a3a778bf144175/?a=1233&bti=NXYpNDs8QGo6OjZAOm00NTAuYCMxNDNg&ch=0&cr=13&dr=0&er=0&lr=all&net=0&cd=0%7C0%7C0%7C&cv=1&br=3092&bt=1546&cs=0&ds=6&ft=td_Lr8QLodzR12Nvvfq8eIxRNf8biq_45SY&mime_type=video_mp4&qs=0&rc=ZTk3OWU8aTk2M2U4Zzw7aUBpamVsbTU6ZnM4ZjMzNzczM0BeNjVgYjUxXzMxLV4xXi41YSNjbS9pcjRnZm5gLS1kMTZzcw%3D%3D&vvpl=1&l=2025012011140902EA3FD1D2CA77EAFB47&btag=e00095000', 'https://v16m.tiktokcdn-eu.com/81c892d4a0e4c12c426abf6f744a98ed/678f81bd/video/tos/useast2a/tos-useast2a-ve-0068c001/9c54b1d146504e0899a3a778bf144175/?a=1233&bti=NXYpNDs8QGo6OjZAOm00NTAuYCMxNDNg&ch=0&cr=13&dr=0&er=0&lr=all&net=0&cd=0%7C0%7C0%7C&cv=1&br=3092&bt=1546&cs=0&ds=6&ft=td_Lr8QLodzR12Nvvfq8eIxRNf8biq_45SY&mime_type=video_mp4&qs=0&rc=ZTk3OWU8aTk2M2U4Zzw7aUBpamVsbTU6ZnM4ZjMzNzczM0BeNjVgYjUxXzMxLV4xXi41YSNjbS9pcjRnZm5gLS1kMTZzcw%3D%3D&vvpl=1&l=2025012011140902EA3FD1D2CA77EAFB47&btag=e00090000', 'https://api16-normal-c-useast2a.tiktokv.com/aweme/v1/play/?faid=1233&file_id=8f18a94da50b4063b64f89ebc68496ab&is_play_url=1&item_id=7148436887957540102&line=0&signaturev3=dmlkZW9faWQ7ZmlsZV9pZDtpdGVtX2lkLmZlMzFlNmZkOWNlNjc5NjQwNjVmOGMxOGUxYzJlY2Fm&source=CHALLENGE_AWEME&video_id=v09044g40000ccq5ipjc77u2lj2ipbfg']",6364,631694,865
7148609970748198190,2022-09-29,6643983493737791493,What's the deal with all the comets and aliens?  #conspiracy #liberal #conservative  #climatechange  #apocalypse  #christian  #endtimes #justajoke,"['https://v77.tiktokcdn-eu.com/e4f4fc64a061b9bbf8dde3a4c8944e1a/678f8283/video/tos/maliva/tos-maliva-ve-0068c799-us/accdf6fc31334bf19e7f0633fdc1abeb/?a=1233&bti=NXYpNDs8QGo6OjZAOm00NTAuYCMxNDNg&ch=0&cr=13&dr=0&er=0&lr=all&net=0&cd=0%7C0%7C0%7C&cv=1&br=1836&bt=918&cs=0&ds=6&ft=XsFbEqT0mI2PD12KxMyJ3wUkDEYZaeF~O5&mime_type=video_mp4&qs=0&rc=M2g6NTppaWdnOzQ4aDhpPEBpanFpeGU6Zm9lZjMzZzgzNEBgYDRgNWA2NV4xLWI0MjUuYSNoLmBtcjRvZ25gLS1kLy9zcw%3D%3D&vvpl=1&l=20250120111425CC832FB6CAB89AEF2D25&btag=e00098000', 'https://v16m.tiktokcdn-eu.com/1dc5278fe263100ecc839622937f7f3a/678f8283/video/tos/maliva/tos-maliva-ve-0068c799-us/accdf6fc31334bf19e7f0633fdc1abeb/?a=1233&bti=NXYpNDs8QGo6OjZAOm00NTAuYCMxNDNg&ch=0&cr=13&dr=0&er=0&lr=all&net=0&cd=0%7C0%7C0%7C&cv=1&br=1836&bt=918&cs=0&ds=6&ft=XsFbEqT0mI2PD12KxMyJ3wUkDEYZaeF~O5&mime_type=video_mp4&qs=0&rc=M2g6NTppaWdnOzQ4aDhpPEBpanFpeGU6Zm9lZjMzZzgzNEBgYDRgNWA2NV4xLWI0MjUuYSNoLmBtcjRvZ25gLS1kLy9zcw%3D%3D&vvpl=1&l=20250120111425CC832FB6CAB89AEF2D25&btag=e00098000', 'https://api16-normal-c-useast2a.tiktokv.com/aweme/v1/play/?faid=1233&file_id=198f557ee50148ad8d9fcf87c277cec0&is_play_url=1&item_id=7148609970748198190&line=0&signaturev3=dmlkZW9faWQ7ZmlsZV9pZDtpdGVtX2lkLjUwYjI3YTYxOWU3ZDNkOTJjMDdiMzY4MzZlNzkzNTBk&source=CHALLENGE_AWEME&video_id=v12025gd0000ccqbjlrc77ubpucf1nkg']",1594,247665,864
7149209471833820462,2022-09-30,6815828271440086022,Timelapse: Hurricane Ian #hurricane #hurricaneian #timelapse #ian #florida #floridahurricane  #usa #nature #climatechange #naturaldisaster ,"['https://v45.tiktokcdn-eu.com/52057f68a9b4022319ec56783e095598/678f81bc/video/tos/maliva/tos-maliva-ve-0068c799-us/0841e91d2b8446fbb25775258b9d15b4/?a=1233&bti=NXYpNDs8QGo6OjZAOm00NTAuYCMxNDNg&ch=0&cr=13&dr=0&er=0&lr=all&net=0&cd=0%7C0%7C0%7C&cv=1&br=804&bt=402&cs=0&ds=6&ft=td_Lr8QLodzR12Nvvfq8eIxRWVQ.xq_45SY&mime_type=video_mp4&qs=0&rc=NTQ7PDk3NjgzNTlmaWQ3ZkBpM3NvNTc6ZmprZjMzZzczNEA0MC1eLzNhNTMxXy81MjJgYSM0L3NjcjRvYm9gLS1kMS9zcw%3D%3D&vvpl=1&l=2025012011140809F6CA913E3D8DEFC07A&btag=e0008d000', 'https://v16m.tiktokcdn-eu.com/814f854ab46ee5232b961a81be22f1ce/678f81bc/video/tos/maliva/tos-maliva-ve-0068c799-us/0841e91d2b8446fbb25775258b9d15b4/?a=1233&bti=NXYpNDs8QGo6OjZAOm00NTAuYCMxNDNg&ch=0&cr=13&dr=0&er=0&lr=all&net=0&cd=0%7C0%7C0%7C&cv=1&br=804&bt=402&cs=0&ds=6&ft=td_Lr8QLodzR12Nvvfq8eIxRWVQ.xq_45SY&mime_type=video_mp4&qs=0&rc=NTQ7PDk3NjgzNTlmaWQ3ZkBpM3NvNTc6ZmprZjMzZzczNEA0MC1eLzNhNTMxXy81MjJgYSM0L3NjcjRvYm9gLS1kMS9zcw%3D%3D&vvpl=1&l=2025012011140809F6CA913E3D8DEFC07A&btag=e00088000', 'https://api16-normal-c-useast2a.tiktokv.com/aweme/v1/play/?faid=1233&file_id=cc545a8f2cb6426085d36426a9083172&is_play_url=1&item_id=7149209471833820462&line=0&signaturev3=dmlkZW9faWQ7ZmlsZV9pZDtpdGVtX2lkLjFiOWVhN2U1OWRmMjg2NzA5NjExMWM3N2EyMDgwMzI3&source=CHALLENGE_AWEME&video_id=v12044gd0000ccrhegrc77u4f2vl2p70']",23912,4097309,3307
7149420236008115457,2022-10-01,86406567985565696,They. Talk. Like. This. ü§£#nasdaily #travelvlog #world #greenland #environment #climatechange #impression #pov #uk #nz #aus ,"['https://v16m.tiktokcdn-eu.com/75c9e43b37d7f6e47fd50ae59447bfe6/678f819a/video/tos/alisg/tos-alisg-pve-0037c001/575f95f2f5944f8183da575bfa820304/?a=1233&bti=NXYpNDs8QGo6OjZAOm00NTAuYCMxNDNg&ch=0&cr=13&dr=0&er=0&lr=all&net=0&cd=0%7C0%7C0%7C&cv=1&br=1900&bt=950&cs=0&ds=6&ft=XsFbEqT0mI2PD12exMyJ3wU-BJkhEeF~O5&mime_type=video_mp4&qs=0&rc=ZWZlO2Y1M2c1NjczPDNnO0BpajlwNTo6Zm13ZjMzODczNEAyMi42YF4zXmIxMmBjXjEzYSMybS9ycjRnY29gLS1kMS1zcw%3D%3D&vvpl=1&l=20250120111414CEB29B5B2C6C47F20DAA&btag=e000b8000', 'https://v77.tiktokcdn-eu.com/f6420e733f875ddf6aa9b9dc7771efb5/678f819a/video/tos/alisg/tos-alisg-pve-0037c001/575f95f2f5944f8183da575bfa820304/?a=1233&bti=NXYpNDs8QGo6OjZAOm00NTAuYCMxNDNg&ch=0&cr=13&dr=0&er=0&lr=all&net=0&cd=0%7C0%7C0%7C&cv=1&br=1900&bt=950&cs=0&ds=6&ft=XsFbEqT0mI2PD12exMyJ3wU-BJkhEeF~O5&mime_type=video_mp4&qs=0&rc=ZWZlO2Y1M2c1NjczPDNnO0BpajlwNTo6Zm13ZjMzODczNEAyMi42YF4zXmIxMmBjXjEzYSMybS9ycjRnY29gLS1kMS1zcw%3D%3D&vvpl=1&l=20250120111414CEB29B5B2C6C47F20DAA&btag=e000b8000', 'https://api16-normal-c-useast2a.tiktokv.com/aweme/v1/play/?faid=1233&file_id=684da0f9c05443e2ad60a2cc981b5c5b&is_play_url=1&item_id=7149420236008115457&line=0&signaturev3=dmlkZW9faWQ7ZmlsZV9pZDtpdGVtX2lkLmQ1YzU0NjE3NWE4NjIyYTgxNTcxYmUzMWI2NTYyOTA0&source=CHALLENGE_AWEME&video_id=v10044g50000ccrtfjjc77u7u22mp65g']",404,872610,538
7149908239491108101,2022-10-02,6890818260087505926,ŸÉŸäŸÅ Ÿäÿ¥ÿ±ÿ® ÿßŸÑŸÖÿßÿ°ÿü#ŸàŸÑŸäÿØ_ÿ≥ÿ±ÿ≠ÿßŸÜ #ÿßŸÑŸÖÿ§ÿ≥ÿ≥ÿ©_ÿßŸÑÿ∑ÿ®Ÿäÿ©_ÿßŸÑÿπÿßŸÑŸÖŸäÿ© #ÿ¥ÿßŸä #greatarabsminds #climatechange ,"['https://v45.tiktokcdn-eu.com/d1251bb2f0c07c6b7a96733d47c1031d/678f8236/video/tos/useast2a/tos-useast2a-ve-0068c001/8879d477c86242308723247247bbfa93/?a=1233&bti=NXYpNDs8QGo6OjZAOm00NTAuYCMxNDNg&ch=0&cr=13&dr=0&er=0&lr=all&net=0&cd=0%7C0%7C0%7C&cv=1&br=2266&bt=1133&cs=0&ds=6&ft=td_Lr8QLodzR12Nvvfq8eIxRNf8biq_45SY&mime_type=video_mp4&qs=0&rc=Z2Q2PDxmNztmOjRkZmg7O0BpanU4bTs6Zm9zZjMzNzczM0AxY2AyMDFfXjYxNTJiYmMtYSNzMi9gcjQwL3BgLS1kMTZzcw%3D%3D&vvpl=1&l=202501201114085ADD7F4E5B792BE9FC08&btag=e0009d000', 'https://v15m.tiktokcdn-eu.com/3a55782c047e1c3481fc5b2f247f1590/678f8236/video/tos/useast2a/tos-useast2a-ve-0068c001/8879d477c86242308723247247bbfa93/?a=1233&bti=NXYpNDs8QGo6OjZAOm00NTAuYCMxNDNg&ch=0&cr=13&dr=0&er=0&lr=all&net=0&cd=0%7C0%7C0%7C&cv=1&br=2266&bt=1133&cs=0&ds=6&ft=td_Lr8QLodzR12Nvvfq8eIxRNf8biq_45SY&mime_type=video_mp4&qs=0&rc=Z2Q2PDxmNztmOjRkZmg7O0BpanU4bTs6Zm9zZjMzNzczM0AxY2AyMDFfXjYxNTJiYmMtYSNzMi9gcjQwL3BgLS1kMTZzcw%3D%3D&vvpl=1&l=202501201114085ADD7F4E5B792BE9FC08&btag=e00098000', 'https://api16-normal-c-useast2a.tiktokv.com/aweme/v1/play/?faid=1233&file_id=08f8eeec5a81479ca8b44c3959c3fa4d&is_play_url=1&item_id=7149908239491108101&line=0&signaturev3=dmlkZW9faWQ7ZmlsZV9pZDtpdGVtX2lkLjQ2ZmM4MTUyMWM1Njc5NTM1MWMzNjdhZjVlN2IwMDVi&source=CHALLENGE_AWEME&video_id=v09044g40000ccsp2l3c77u8cj255rvg']",11207,3397104,2335
7150168141916540166,2022-10-03,6772259513095668742,"Hundreds of protestors from the climate campaign group @Just Stop Oil block Waterloo Bridge in London, UK for a second day.. #nonewoil #climateaction #climateemergency #climatechange #actnow #protest #directaction ","['https://v45.tiktokcdn-eu.com/f4c93a26c99f0f8ac3001ee14a836ce4/678f819d/video/tos/useast2a/tos-useast2a-ve-0068c003/3dc3cea849204ded9d9d021a472d399c/?a=1233&bti=Ojs2NGYpQHM6OjZALjU2OmQvcCMxNDNg&ch=0&cr=13&dr=0&er=0&lr=all&net=0&cd=0%7C0%7C0%7C&cv=1&br=2480&bt=1240&cs=0&ds=6&ft=td_Lr8QLodzR12NvVfq8eIxRIk~pbQ_45SY&mime_type=video_mp4&qs=0&rc=NTQ7aTs5M2c3Zzc7PDo4M0BpMzVwZzU6Zjk6ZjMzNzczM0AuNjMwYDQwXzUxYl4zX2EyYSM1ZmxxcjRvcXFgLS1kMTZzcw%3D%3D&vvpl=1&l=20250120111420C5DDAC5480B2C8E801AB&btag=e000bd000', 'https://v16m.tiktokcdn-eu.com/24f034eaad207f4b4e67151f03e95eaa/678f819d/video/tos/useast2a/tos-useast2a-ve-0068c003/3dc3cea849204ded9d9d021a472d399c/?a=1233&bti=Ojs2NGYpQHM6OjZALjU2OmQvcCMxNDNg&ch=0&cr=13&dr=0&er=0&lr=all&net=0&cd=0%7C0%7C0%7C&cv=1&br=2480&bt=1240&cs=0&ds=6&ft=td_Lr8QLodzR12NvVfq8eIxRIk~pbQ_45SY&mime_type=video_mp4&qs=0&rc=NTQ7aTs5M2c3Zzc7PDo4M0BpMzVwZzU6Zjk6ZjMzNzczM0AuNjMwYDQwXzUxYl4zX2EyYSM1ZmxxcjRvcXFgLS1kMTZzcw%3D%3D&vvpl=1&l=20250120111420C5DDAC5480B2C8E801AB&btag=e000b8000', 'https://api16-normal-c-useast2a.tiktokv.com/aweme/v1/play/?faid=1233&file_id=50d5b769a8e44d84bd3076c83f689112&is_play_url=1&item_id=7150168141916540166&line=0&signaturev3=dmlkZW9faWQ7ZmlsZV9pZDtpdGVtX2lkLjI0ZWQxMDg1NzhjNmE5Y2Y1Yjc0ZmFhMmUyYWJhMzZk&source=CHALLENGE_AWEME&video_id=v09044g40000cct7t6rc77u2tdomi280']",1005,1561664,2749
7151033928864795909,2022-10-05,6886828060440937477,A climate activist demonstrating in London gave a remarkably calm interview about why she was protesting despite being carried away from Waterloo Bridge by police officers. #london #uk #climatechange #climatecrisis #globalwarming #liztruss #climateactivist #oil ,"['https://v45.tiktokcdn-eu.com/cb17fe4f26c0089278caabb3323ce10c/678f8196/video/tos/useast2a/tos-useast2a-pve-0068/ca7f3759f7aa44f080e708f7ea2cb76d/?a=1233&bti=Ojs2NGYpQHM6OjZALjU2OmQvcCMxNDNg&ch=0&cr=13&dr=0&er=0&lr=all&net=0&cd=0%7C0%7C0%7C&cv=1&br=4136&bt=2068&cs=0&ds=6&ft=p6JrAMMK8Zmo0rQWHb4jVfWNHfFrKsd.&mime_type=video_mp4&qs=0&rc=ODw3ZWc1aDY2NzhpaGRkaEBpMzR5dDY6ZjZzZjMzNzczM0AwM2EtMl8zNjUxNWEvL2E2YSNhbWJwcjQwMnJgLS1kMTZzcw%3D%3D&vvpl=1&l=20250120111414BE4DC4C03FB439EA5C97&btag=e000bd000', 'https://v19.tiktokcdn-eu.com/e94261d92445759d453a10884c997a1f/678f8196/video/tos/useast2a/tos-useast2a-pve-0068/ca7f3759f7aa44f080e708f7ea2cb76d/?a=1233&bti=Ojs2NGYpQHM6OjZALjU2OmQvcCMxNDNg&ch=0&cr=13&dr=0&er=0&lr=all&net=0&cd=0%7C0%7C0%7C&cv=1&br=4136&bt=2068&cs=0&ds=6&ft=p6JrAMMK8Zmo0rQWHb4jVfWNHfFrKsd.&mime_type=video_mp4&qs=0&rc=ODw3ZWc1aDY2NzhpaGRkaEBpMzR5dDY6ZjZzZjMzNzczM0AwM2EtMl8zNjUxNWEvL2E2YSNhbWJwcjQwMnJgLS1kMTZzcw%3D%3D&vvpl=1&l=20250120111414BE4DC4C03FB439EA5C97&btag=e000b8000', 'https://api16-normal-c-useast2a.tiktokv.com/aweme/v1/play/?faid=1233&file_id=9eda2a2edf854483936eb25d0bd46935&is_play_url=1&item_id=7151033928864795909&line=0&signaturev3=dmlkZW9faWQ7ZmlsZV9pZDtpdGVtX2lkLmVlMmFkNDk0NTZhZTEwOWJiMDcxNzI4NWEwZmE4ZDk3&source=CHALLENGE_AWEME&video_id=v09044g40000ccup533c77u3sqevp1d0']",1226,1447467,1368
7151334610167794950,2022-10-06,6820806955948409862,"L‚Äôansia per il cambiamento climatico pu√≤ essere una risorsa importante, ma talvolta pu√≤ diventare paralizzante e travolgente. Ecco 5 cose che possono aiutarci a gestirla! #SaluteMentale #ClimateChange #Psicologia #fyp ","['https://v77.tiktokcdn-eu.com/c1bed403b8e3a63a4b5cf810a68136fa/678f81f3/video/tos/useast2a/tos-useast2a-pve-0068/81edb62d91ab4cca9e63869f2a0f70c7/?a=1233&bti=NXYpNDs8QGo6OjZAOm00NTAuYCMxNDNg&ch=0&cr=13&dr=0&er=0&lr=all&net=0&cd=0%7C0%7C0%7C&cv=1&br=2890&bt=1445&cs=0&ds=6&ft=XsFbEqT0mmjPD12zxMyJ3wUn5CMpEeF~O5&mime_type=video_mp4&qs=0&rc=NWg2aDRoZWc4OmQ8MzdlN0BpMzpxZzo6ZmdkZjMzNzczM0AvYl8wNi8uXzIxMDA0LS9iYSNnNDNucjRfNnNgLS1kMTZzcw%3D%3D&vvpl=1&l=20250120111421C2F34F80B349C4F90239&btag=e00090000', 'https://v16m.tiktokcdn-eu.com/1d0b98f8a41e82c3e0f5e95377b6547b/678f81f3/video/tos/useast2a/tos-useast2a-pve-0068/81edb62d91ab4cca9e63869f2a0f70c7/?a=1233&bti=NXYpNDs8QGo6OjZAOm00NTAuYCMxNDNg&ch=0&cr=13&dr=0&er=0&lr=all&net=0&cd=0%7C0%7C0%7C&cv=1&br=2890&bt=1445&cs=0&ds=6&ft=XsFbEqT0mmjPD12zxMyJ3wUn5CMpEeF~O5&mime_type=video_mp4&qs=0&rc=NWg2aDRoZWc4OmQ8MzdlN0BpMzpxZzo6ZmdkZjMzNzczM0AvYl8wNi8uXzIxMDA0LS9iYSNnNDNucjRfNnNgLS1kMTZzcw%3D%3D&vvpl=1&l=20250120111421C2F34F80B349C4F90239&btag=e00090000', 'https://api16-normal-c-useast2a.tiktokv.com/aweme/v1/play/?faid=1233&file_id=e42b0470393a4755bd1b2e913eb3ee22&is_play_url=1&item_id=7151334610167794950&line=0&signaturev3=dmlkZW9faWQ7ZmlsZV9pZDtpdGVtX2lkLjgxYzczNzBhYTlmODc0OGNjODBjZTBiMjZmY2JjNDFh&source=CHALLENGE_AWEME&video_id=v09044g40000ccva9dbc77u7qd6n77j0']",1168,12513177,728
7151545944952278318,2022-10-07,6934182930671797253,DARK BRANDON RISES #climatechange #globalwarming #globalwarmingisreal  #hurricaneian #ian #joebiden #desantis #climate #green #eco #rondesantis #biden  #dark #salty #southflorida #ian #science #earth #warming #wildfires #drought ,['https://api16-normal-c-useast2a.tiktokv.com/aweme/v1/play/?video_id=v12044gd0000ccvmaa3c77ua9vpr0btg&line=0&is_play_url=1&source=CHALLENGE_AWEME&item_id=7151545944952278318&sign=c78e9c5984a2318e8263bc653c8e1345&signaturev3=dmlkZW9faWQ7ZmlsZV9pZDtpdGVtX2lkLjNlYTA4MjUxZjY4NmQyMWE2ODdlYzZkMjdlNjU0MmU4&shp=d05b14bd&shcp=-'],719,160202,577
7152250702553779462,2022-10-08,7117878665807479814,"Stink bugs!  These critters have been alarmingly increasing in number throughout BC. The rise of these bugs can be seen as a side effect of climate change, as climate change has altered their environment. As an invasive species not native to BC, these bugs can have devastating effects on our agricultural sector. They can also be a nuisance to homeowners.  The Government of British Columbia has published a Brown Marmorated Stink Bug (BMSB) Pest Alert, alerting residents to be cautious of this pest in their area. The government is asking residents to be careful in not moving these pests from one place to another as they are an invasive species. They are also collecting data on these bugs and are asking people to send samples of these bugs to them for research purposes. Below we have linked the pest alert issued by the Government of British Columbia, and a guide on how to properly handle and dispose these bugs for home owners. Pest Alert: https://www2.gov.bc.ca/gov/content/industry/agriculture-seafood/animals-and-crops/plant-health/insects-and-plant-diseases/tree-fruits/brown-marmorated-stink-bug Guide: https://www2.gov.bc.ca/assets/gov/farming-natural-resources-and-industry/agriculture-and-seafood/animal-and-crops/plant-health/stinkbug-_rackcard.pdf Have questions on Stink Bugs? Give Ideal Pest Control a call today! Call Ideal Pest Control today for all your pest control needs! üêúü™∞ü™≥üï∑ü¶ó üìû (778) 891-9215  üìß  Info@idealpestcontrol.ca  #pestcontrol #pestcontrolvancouver #pestmanagement #rats #education #pestcontrolsurrey #vancouver #yvr #surrey #familybusiness #training #rodents #mice #pestcontrolservice #pest #familyowned #familyownedandoperated #stinkbugs #pestalert #BrownMarmoratedStinkBug #bugs #invasivespecies #alert #BC #species #goodtoknow #climatechange #fyp #foryou #foryoupage ","['https://v77.tiktokcdn-eu.com/d6f008aa279b379fd2daffb769c927ed/678f81a7/video/tos/useast2a/tos-useast2a-pve-0068/a7436fc1fa8247efbf64e4e5a6825f86/?a=1233&bti=NXYpNDs8QGo6OjZAOm00NTAuYCMxNDNg&ch=0&cr=13&dr=0&er=0&lr=all&net=0&cd=0%7C0%7C0%7C&cv=1&br=2730&bt=1365&cs=0&ds=6&ft=XsFbEqT0mI2PD12fxMyJ3wUlHEYZaeF~O5&mime_type=video_mp4&qs=0&rc=ZjxlZzk4aTdmZmZoZ2hnZ0BpajdydjM6Zjl4ZzMzNzczM0AwLi00Nl9jXy4xMTNiYDNeYSMuaF5ecjRfYC1gLS1kMTZzcw%3D%3D&vvpl=1&l=202501201114305DCBC5B9D0A307EF9A3E&btag=e000b8000', 'https://v58.tiktokcdn-eu.com/video/tos/useast2a/tos-useast2a-pve-0068/a7436fc1fa8247efbf64e4e5a6825f86/?a=1233&bti=NXYpNDs8QGo6OjZAOm00NTAuYCMxNDNg&ch=0&cr=13&dr=0&er=0&lr=all&net=0&cd=0%7C0%7C0%7C&cv=1&br=2730&bt=1365&cs=0&ds=6&ft=XsFbEqT0mI2PD12fxMyJ3wUlHEYZaeF~O5&mime_type=video_mp4&qs=0&rc=ZjxlZzk4aTdmZmZoZ2hnZ0BpajdydjM6Zjl4ZzMzNzczM0AwLi00Nl9jXy4xMTNiYDNeYSMuaF5ecjRfYC1gLS1kMTZzcw%3D%3D&vvpl=1&l=202501201114305DCBC5B9D0A307EF9A3E&VExpiration=1737458087&VSignature=j6IZNq_JW-4-kYgeeI9Q3Q&btag=e000b8000', 'https://api16-normal-c-useast2a.tiktokv.com/aweme/v1/play/?faid=1233&file_id=ad6dceed6e4c4c1cb4ffb5967d0b193c&is_play_url=1&item_id=7152250702553779462&line=0&signaturev3=dmlkZW9faWQ7ZmlsZV9pZDtpdGVtX2lkLjAxOTZhMTM1Y2JmNDhhM2Q5M2E5NWQzZjFmNzc0MjI3&source=CHALLENGE_AWEME&video_id=v09044g40000cd0uc6bc77u0asaok41g']",9407,979119,2050
7152671402192276742,2022-10-10,6905852130881111045,"This warm weather is nice and all, but‚Ä¶is it worth it? ü§î @reddfishrestoration #salmon #drought #climate #climatechange #fish #ecology #education #funfact","['https://v77.tiktokcdn-eu.com/b38d7147bfdd59f93b181680e1431d35/678f81e5/video/tos/useast2a/tos-useast2a-ve-0068c002/b57371e2f3e54ed0be7ad0ed318d9e07/?a=1233&bti=NXYpNDs8QGo6OjZAOm00NTAuYCMxNDNg&ch=0&cr=13&dr=0&er=0&lr=all&net=0&cd=0%7C0%7C0%7C&cv=1&br=4460&bt=2230&cs=0&ds=6&ft=pfEtKMpa8Zmo0fQWHb4jVBa0XeFrKsd.&mime_type=video_mp4&qs=0&rc=ZWk5Nmg8Z2lmPDY5Njc0aUBpamdvdzs6ZmhwZzMzNzczM0A2YjZhYDM2NTYxNGJgYWJiYSNwMDNhcjQwNS5gLS1kMTZzcw%3D%3D&vvpl=1&l=202501201114188E749FC8429D97F5A72F&btag=e00090000', 'https://v16m.tiktokcdn-eu.com/580c5712d5a099f33ee39faf8afeed0b/678f81e5/video/tos/useast2a/tos-useast2a-ve-0068c002/b57371e2f3e54ed0be7ad0ed318d9e07/?a=1233&bti=NXYpNDs8QGo6OjZAOm00NTAuYCMxNDNg&ch=0&cr=13&dr=0&er=0&lr=all&net=0&cd=0%7C0%7C0%7C&cv=1&br=4460&bt=2230&cs=0&ds=6&ft=pfEtKMpa8Zmo0fQWHb4jVBa0XeFrKsd.&mime_type=video_mp4&qs=0&rc=ZWk5Nmg8Z2lmPDY5Njc0aUBpamdvdzs6ZmhwZzMzNzczM0A2YjZhYDM2NTYxNGJgYWJiYSNwMDNhcjQwNS5gLS1kMTZzcw%3D%3D&vvpl=1&l=202501201114188E749FC8429D97F5A72F&btag=e00090000', 'https://api16-normal-c-useast2a.tiktokv.com/aweme/v1/play/?faid=1233&file_id=efe1d4c3e673499c8f9d69ced396ef9b&is_play_url=1&item_id=7152671402192276742&line=0&signaturev3=dmlkZW9faWQ7ZmlsZV9pZDtpdGVtX2lkLmIxMjJlZmJjYWZiYTIxMDY1NTY5OGY3M2JmOGZhYTIx&source=CHALLENGE_AWEME&video_id=v09044g40000cd1m8e3c77u8dt6l3dsg']",1182,563430,819
7153242827323919659,2022-10-11,6872372293688771590,IM LOSING IT ACTUALLY OH MY GOD || #eddsworld #climatechange #eddisode #fyp #fy #fyp„Ç∑ ,"['https://v16m.tiktokcdn-eu.com/78b6eb0e08e43083e2e349362895b020/678f81a1/video/tos/maliva/tos-maliva-ve-0068c799-us/9e7ce10fcb1141569cf24a0a60e3fbc2/?a=1233&bti=NXYpNDs8QGo6OjZAOm00NTAuYCMxNDNg&ch=0&cr=13&dr=0&er=0&lr=all&net=0&cd=0%7C0%7C0%7C&cv=1&br=3234&bt=1617&cs=0&ds=6&ft=XsFbEqx4m3lPD12QxMyJ3wUDivOjaeF~O5&mime_type=video_mp4&qs=0&rc=OzNkNzQzZzU7ODNkOmRmPEBpam5rdmQ6Zm1wZzMzZzczNEAvMjNjYzQ0NV4xLy8xNWA1YSNtb2NlcjRnbC9gLS1kMS9zcw%3D%3D&vvpl=1&l=20250120111430D46593A54E05C4F30AC9&btag=e000b0000', 'https://v58.tiktokcdn-eu.com/video/tos/maliva/tos-maliva-ve-0068c799-us/9e7ce10fcb1141569cf24a0a60e3fbc2/?a=1233&bti=NXYpNDs8QGo6OjZAOm00NTAuYCMxNDNg&ch=0&cr=13&dr=0&er=0&lr=all&net=0&cd=0%7C0%7C0%7C&cv=1&br=3234&bt=1617&cs=0&ds=6&ft=XsFbEqx4m3lPD12QxMyJ3wUDivOjaeF~O5&mime_type=video_mp4&qs=0&rc=OzNkNzQzZzU7ODNkOmRmPEBpam5rdmQ6Zm1wZzMzZzczNEAvMjNjYzQ0NV4xLy8xNWA1YSNtb2NlcjRnbC9gLS1kMS9zcw%3D%3D&vvpl=1&l=20250120111430D46593A54E05C4F30AC9&VExpiration=1737458081&VSignature=38guRylziidpFyd7i6ReHw&btag=e000b0000', 'https://api16-normal-c-useast2a.tiktokv.com/aweme/v1/play/?faid=1233&file_id=89cc8a472a2045a8827d70f1f46a5028&is_play_url=1&item_id=7153242827323919659&line=0&signaturev3=dmlkZW9faWQ7ZmlsZV9pZDtpdGVtX2lkLjNhNjdlNDcyOTJmMTA5Yjc0MDRiYjBhNjA3MDU3ZjY0&source=CHALLENGE_AWEME&video_id=v12044gd0000cd2mojjc77uahsfhrkpg']",464,206215,1151
7153721007835008298,2022-10-12,7108485386146317355,Nuclear fuel being moved from the reactor core to the spent fuel pool during an outage. The reactor pool and spent fuel pool glow BLUE because of Cherenkov radiation.   #cleanenergy #nuclearpower #fyp #savediablocanyon #climatechange,"['https://v16m.tiktokcdn-eu.com/55603b51794cf2fc82eaf2d6a82e4f30/678f8196/video/tos/maliva/tos-maliva-ve-0068c799-us/8818549c695c4fcd91fc160d6c337bc4/?a=1233&bti=NXYpNDs8QGo6OjZAOm00NTAuYCMxNDNg&ch=0&cr=13&dr=0&er=0&lr=all&net=0&cd=0%7C0%7C0%7C&cv=1&br=4470&bt=2235&cs=0&ds=6&ft=td_Lr8QLodzR12Nv.fq8eIxRZ-Q.xq_45SY&mime_type=video_mp4&qs=0&rc=NDw1aDg5OWc5OjQ4PDpmM0BpM247Omk6ZjRrZzMzZzczNEAtMWFjNTMvNWExXzMwNS8zYSMzZ2locjRfcTBgLS1kMS9zcw%3D%3D&vvpl=1&l=20250120111413F2BDA99C7F39D9EB0A12&btag=e000b8000', 'https://v45.tiktokcdn-eu.com/126e58cbe3e3bc214cc1104ce105c3de/678f8196/video/tos/maliva/tos-maliva-ve-0068c799-us/8818549c695c4fcd91fc160d6c337bc4/?a=1233&bti=NXYpNDs8QGo6OjZAOm00NTAuYCMxNDNg&ch=0&cr=13&dr=0&er=0&lr=all&net=0&cd=0%7C0%7C0%7C&cv=1&br=4470&bt=2235&cs=0&ds=6&ft=td_Lr8QLodzR12Nv.fq8eIxRZ-Q.xq_45SY&mime_type=video_mp4&qs=0&rc=NDw1aDg5OWc5OjQ4PDpmM0BpM247Omk6ZjRrZzMzZzczNEAtMWFjNTMvNWExXzMwNS8zYSMzZ2locjRfcTBgLS1kMS9zcw%3D%3D&vvpl=1&l=20250120111413F2BDA99C7F39D9EB0A12&btag=e000bd000', 'https://api16-normal-c-useast2a.tiktokv.com/aweme/v1/play/?faid=1233&file_id=602c873965b147d68d266685fed24901&is_play_url=1&item_id=7153721007835008298&line=0&signaturev3=dmlkZW9faWQ7ZmlsZV9pZDtpdGVtX2lkLjUzMTdmMTI1YWQ5YjExMWNhOTk2Y2EwYTY4NmNlNDUy&source=CHALLENGE_AWEME&video_id=v12044gd0000cd3ht1bc77ufk7l8jk60']",886,2891834,1744
7154097477094870318,2022-10-13,6908840664314741766,light pollution- the glow from street and domestic lights that obscures the night sky and the stars.  vid inspo: @Film_Haven  #lightpollution #stars #nightskyphotography #nightsky #astronomy #astrophotography #photography #film #climate #climatechange #pollution #pollutionawareness #waketfup #wakeuppeople ,['https://sf16-ies-music-va.tiktokcdn.com/obj/musically-maliva-obj/7076560170645801733.mp3'],2205,1240364,2482
7154373264914009350,2022-10-14,7053420124242658310,Just Stop Oil activists have spray painted the sign at New Scotland Yard #fy #fyp #protest #climatechange #climate #juststopoil #animalrebellion,"['https://v77.tiktokcdn-eu.com/06d41914f6bc8eaf50f69bbcdbe2ec99/678f81a6/video/tos/useast2a/tos-useast2a-ve-0068c002/f521a99f463b4199b9e8b8475b7b9a9a/?a=1233&bti=NXYpNDs8QGo6OjZAOm00NTAuYCMxNDNg&ch=0&cr=13&dr=0&er=0&lr=all&net=0&cd=0%7C0%7C0%7C&cv=1&br=2428&bt=1214&cs=0&ds=6&ft=XsFbEqT0mmjPD12zxMyJ3wU.M3tuEeF~O5&mime_type=video_mp4&qs=0&rc=NmQ1aGgzOWc3Zzs0PDw4ZUBpam47d2k6ZnVxZzMzNzgzM0A0NC0xMDFfXmAxYGBhLzAxYSNzcC1ucjQwLTFgLS1kLzZzcw%3D%3D&vvpl=1&l=20250120111421779790079459DBEE5943&btag=e000b8000', 'https://v58.tiktokcdn-eu.com/video/tos/useast2a/tos-useast2a-ve-0068c002/f521a99f463b4199b9e8b8475b7b9a9a/?a=1233&bti=NXYpNDs8QGo6OjZAOm00NTAuYCMxNDNg&ch=0&cr=13&dr=0&er=0&lr=all&net=0&cd=0%7C0%7C0%7C&cv=1&br=2428&bt=1214&cs=0&ds=6&ft=XsFbEqT0mmjPD12zxMyJ3wU.M3tuEeF~O5&mime_type=video_mp4&qs=0&rc=NmQ1aGgzOWc3Zzs0PDw4ZUBpam47d2k6ZnVxZzMzNzgzM0A0NC0xMDFfXmAxYGBhLzAxYSNzcC1ucjQwLTFgLS1kLzZzcw%3D%3D&vvpl=1&l=20250120111421779790079459DBEE5943&VExpiration=1737458086&VSignature=iCpEb9W6poGCoxBEtiD2_w&btag=e000b8000', 'https://api16-normal-c-useast2a.tiktokv.com/aweme/v1/play/?faid=1233&file_id=4b3529d9c1c84dc4adb6403e4e027a73&is_play_url=1&item_id=7154373264914009350&line=0&signaturev3=dmlkZW9faWQ7ZmlsZV9pZDtpdGVtX2lkLmYzNTM2YWQ0MzM4N2U3ZmU4OTJmYjdmYzQ0MTJiY2My&source=CHALLENGE_AWEME&video_id=v09025g40000cd4n0r3c77ufqt08skvg']",2814,2277992,9161
7155163691657350405,2022-10-16,6806511492025713669,"#juststopoil #Activist says there was ""minimal damage"" to #vangogh #Sunflowers is she right or misguided? #vangoghsoup #climatechange #freeseednews ","['https://v77.tiktokcdn-eu.com/0e7427295fc619bf3083c731e8b143a2/678f81f5/video/tos/useast2a/tos-useast2a-ve-0068c001/293d0985812a4a039d1b34c69507d868/?a=1233&bti=Ojs2NGYpQHM6OjZALjU2OmQvcCMxNDNg&ch=0&cr=13&dr=0&er=0&lr=all&net=0&cd=0%7C0%7C0%7C&cv=1&br=2920&bt=1460&cs=0&ds=6&ft=XsFbEqT0mIsPD12ycuyJ3wUlokVSEeF~O5&mime_type=video_mp4&qs=0&rc=Nmk7aDpoZ2hmZzMzODk3OEBpamZxdjU6Zmo2ZzMzNzczM0AwYl5iMDI0NV4xNTU0NDIxYSMtXzExcjQwZzNgLS1kMTZzcw%3D%3D&vvpl=1&l=202501201114048CDF0663FE868CE94D39&btag=e00090000', 'https://v16m.tiktokcdn-eu.com/ebdbf6491f20fbc316c1808ae2936a61/678f81f5/video/tos/useast2a/tos-useast2a-ve-0068c001/293d0985812a4a039d1b34c69507d868/?a=1233&bti=Ojs2NGYpQHM6OjZALjU2OmQvcCMxNDNg&ch=0&cr=13&dr=0&er=0&lr=all&net=0&cd=0%7C0%7C0%7C&cv=1&br=2920&bt=1460&cs=0&ds=6&ft=XsFbEqT0mIsPD12ycuyJ3wUlokVSEeF~O5&mime_type=video_mp4&qs=0&rc=Nmk7aDpoZ2hmZzMzODk3OEBpamZxdjU6Zmo2ZzMzNzczM0AwYl5iMDI0NV4xNTU0NDIxYSMtXzExcjQwZzNgLS1kMTZzcw%3D%3D&vvpl=1&l=202501201114048CDF0663FE868CE94D39&btag=e00090000', 'https://api16-normal-c-useast2a.tiktokv.com/aweme/v1/play/?faid=1233&file_id=4554767580804dac8e7d5e37eea8ef33&is_play_url=1&item_id=7155163691657350405&line=0&signaturev3=dmlkZW9faWQ7ZmlsZV9pZDtpdGVtX2lkLmVkYTNmZGU2ZWI4NzRhMjNhYmRmYzZiN2QyMjUwZjYw&source=CHALLENGE_AWEME&video_id=v09044g40000cd63jg3c77u24s4nbc0g']",3824,2512302,6819
7155539942368759083,2022-10-17,7108485386146317355,This nuclear fuel assembly is glowing blue because of Cherenkov Radiation - radiation from the fuel moves through a 'clear' medium (the medium is fuel pool water in this case) faster than the speed of light. #nuclearpower #cleanenergy #fyp #savediablocanyon  #climatechange,"['https://v45.tiktokcdn-eu.com/a5eb105fe4a0edad1a75c7e6961adbb7/678f8182/video/tos/maliva/tos-maliva-ve-0068c799-us/b4825410d4b848049391e7b206ae0d8b/?a=1233&bti=NXYpNDs8QGo6OjZAOm00NTAuYCMxNDNg&ch=0&cr=13&dr=0&er=0&lr=all&net=0&cd=0%7C0%7C0%7C&cv=1&br=1658&bt=829&cs=0&ds=6&ft=pCXrRMVc8Zmo0K5UHb4jVZ0jl21rKsd.&mime_type=video_mp4&qs=0&rc=O2ZoZWg7ZjYzaDo8ZThpZ0Bpamc5dTc6ZjRzZzMzZzczNEAtMWEuNDNeXzMxMjFhXzE1YSNxbGVmcjQwLjNgLS1kMS9zcw%3D%3D&vvpl=1&l=202501201114009D3980ADE9ADC7E9244B&btag=e000b5000', 'https://v15m.tiktokcdn-eu.com/e0f43e193f1120733e37d561e0b01fe0/678f8182/video/tos/maliva/tos-maliva-ve-0068c799-us/b4825410d4b848049391e7b206ae0d8b/?a=1233&bti=NXYpNDs8QGo6OjZAOm00NTAuYCMxNDNg&ch=0&cr=13&dr=0&er=0&lr=all&net=0&cd=0%7C0%7C0%7C&cv=1&br=1658&bt=829&cs=0&ds=6&ft=pCXrRMVc8Zmo0K5UHb4jVZ0jl21rKsd.&mime_type=video_mp4&qs=0&rc=O2ZoZWg7ZjYzaDo8ZThpZ0Bpamc5dTc6ZjRzZzMzZzczNEAtMWEuNDNeXzMxMjFhXzE1YSNxbGVmcjQwLjNgLS1kMS9zcw%3D%3D&vvpl=1&l=202501201114009D3980ADE9ADC7E9244B&btag=e000b0000', 'https://api16-normal-c-useast2a.tiktokv.com/aweme/v1/play/?faid=1233&file_id=8d4fb5db49574e60b3ac687e1bde4c08&is_play_url=1&item_id=7155539942368759083&line=0&signaturev3=dmlkZW9faWQ7ZmlsZV9pZDtpdGVtX2lkLjJiYjFkY2Y2MmJhMzllYjRmN2E4MWFjYjI2ODg5MTA1&source=CHALLENGE_AWEME&video_id=v12044gd0000cd6p113c77u4irh6odtg']",2692,11645085,3365
7155879504114715910,2022-10-18,6807877416234730501,"Replying to @ckey4343 Collab with @Greenpeace  Fancy stuff will not make us happy. Community, nature and the simple moments will.  Let‚Äôs unlearn what our current system taught us about buying happiness and wellbeing. Join Greenpeace on a journey to explore #AlternativeFutures! Visit link in my bio to join the conversation. #sarcasm #Africa #DaretoDream #climatechange #charityekezie ","['https://v45.tiktokcdn-eu.com/b755e4e81b22eff983c3b7d5cc0b6858/678f81e1/video/tos/useast2a/tos-useast2a-ve-0068c001/fe7fb8077abc4f14aa32a19135dfc71a/?a=1233&bti=NXYpNDs8QGo6OjZAOm00NTAuYCMxNDNg&ch=0&cr=13&dr=0&er=0&lr=all&net=0&cd=0%7C0%7C0%7C&cv=1&br=1480&bt=740&cs=0&ds=6&ft=td_Lr8QLodzR12Nv_fq8eIxRZ-Q.xq_45SY&mime_type=video_mp4&qs=4&rc=ZDg5Zjw4NGU2ZDM5OTk4NkBpanc5ajY6Zm9mZzMzNzczM0BfNF9hMTQuXjUxYl4xLS42YSNxNG8xcjRvZzRgLS1kMTZzcw%3D%3D&vvpl=1&l=20250120111414F109E13A372623EA1537&btag=e00095000', 'https://v15m.tiktokcdn-eu.com/f0d471f21d4d32a28e145cb949955aca/678f81e1/video/tos/useast2a/tos-useast2a-ve-0068c001/fe7fb8077abc4f14aa32a19135dfc71a/?a=1233&bti=NXYpNDs8QGo6OjZAOm00NTAuYCMxNDNg&ch=0&cr=13&dr=0&er=0&lr=all&net=0&cd=0%7C0%7C0%7C&cv=1&br=1480&bt=740&cs=0&ds=6&ft=td_Lr8QLodzR12Nv_fq8eIxRZ-Q.xq_45SY&mime_type=video_mp4&qs=4&rc=ZDg5Zjw4NGU2ZDM5OTk4NkBpanc5ajY6Zm9mZzMzNzczM0BfNF9hMTQuXjUxYl4xLS42YSNxNG8xcjRvZzRgLS1kMTZzcw%3D%3D&vvpl=1&l=20250120111414F109E13A372623EA1537&btag=e00090000', 'https://api16-normal-c-useast2a.tiktokv.com/aweme/v1/play/?faid=1233&file_id=93150646a6e04a83ab117549dcb675ba&is_play_url=1&item_id=7155879504114715910&line=0&signaturev3=dmlkZW9faWQ7ZmlsZV9pZDtpdGVtX2lkLjVkMmU3OGRhM2ZkNGQ3MjBlNWI3YTA3MzU5YjJlYjYx&source=CHALLENGE_AWEME&video_id=v09044g40000cd7cjlrc77u34gr67ttg']",606,889806,2048
7156301698414284037,2022-10-19,6886828060440937477,"The climate activist who threw soup over Vincent van Gogh's ""Sunflowers"" at London's National Gallery says she did so to get a conversation going ""so we can ask the questions that matter."" #vangogh #london #londonnationalgallery #art #uk #climatechange #climatecrisis #climateactivist #vincentvangogh #vangoghsunflowers ","['https://v45.tiktokcdn-eu.com/c8779511f9729f4a0f0926718402e328/678f81be/video/tos/useast2a/tos-useast2a-pve-0068/dfd1db35722f4ad593f96dd7179ad4f0/?a=1233&bti=NXYpNDs8QGo6OjZAOm00NTAuYCMxNDNg&ch=0&cr=13&dr=0&er=0&lr=all&net=0&cd=0%7C0%7C0%7C&cv=1&br=3220&bt=1610&cs=0&ds=6&ft=pCXrRMVc8Zmo0K5UHb4jVZ0jl21rKsd.&mime_type=video_mp4&qs=0&rc=M2RmM2Y8OmlpNjo7OWVkM0BpM2xweGQ6ZmU3ZzMzNzczM0BfMjAyMDRhXjAxM2EvM2AvYSNlZDEtcjRvZzVgLS1kMTZzcw%3D%3D&vvpl=1&l=20250120111401625848ADE3FD34E20B03&btag=e00095000', 'https://v15m.tiktokcdn-eu.com/5bd8d1981782d69f0289ce2b4c0b1b10/678f81be/video/tos/useast2a/tos-useast2a-pve-0068/dfd1db35722f4ad593f96dd7179ad4f0/?a=1233&bti=NXYpNDs8QGo6OjZAOm00NTAuYCMxNDNg&ch=0&cr=13&dr=0&er=0&lr=all&net=0&cd=0%7C0%7C0%7C&cv=1&br=3220&bt=1610&cs=0&ds=6&ft=pCXrRMVc8Zmo0K5UHb4jVZ0jl21rKsd.&mime_type=video_mp4&qs=0&rc=M2RmM2Y8OmlpNjo7OWVkM0BpM2xweGQ6ZmU3ZzMzNzczM0BfMjAyMDRhXjAxM2EvM2AvYSNlZDEtcjRvZzVgLS1kMTZzcw%3D%3D&vvpl=1&l=20250120111401625848ADE3FD34E20B03&btag=e00090000', 'https://api16-normal-c-useast2a.tiktokv.com/aweme/v1/play/?faid=1233&file_id=20ca6b26d867433fafd7793c503c5ab0&is_play_url=1&item_id=7156301698414284037&line=0&signaturev3=dmlkZW9faWQ7ZmlsZV9pZDtpdGVtX2lkLmQ1OTQ4NDIxODc3NmU0OWQzMDU3MzJlMzliZDIzYTZh&source=CHALLENGE_AWEME&video_id=v09044g40000cd84jbrc77ua0u4mgih0']",6948,4241755,6826
7156549294097435909,2022-10-20,6741335218266194949,"Vedere l‚ÄôAURORA BOREALEüåå‚ù§Ô∏è @humansafari √® passato dal BSMT a raccontarci la sua esperienza con l‚Äô#auroraboreale , uno spettacolo #magnifico e alieno! Questo e molto altro, in un episodio che ti far√† #viaggiare anche stando sedutoüó∫Ô∏è Non perdetevelo su YT e su Spotifyüö® #passadalbsmt #humansafari #islanda #trip #viaggio #natura #roadtrip #dietrolequinte #imparacontiktok #climatechange #lapponia ","['https://v45.tiktokcdn-eu.com/a5c1da4fb4036a087e817e017080b5e8/678f81d1/video/tos/useast2a/tos-useast2a-ve-0068c001/0135ebb11ec942559321c34a27d4ac1d/?a=1233&bti=NXYpNDs8QGo6OjZAOm00NTAuYCMxNDNg&ch=0&cr=13&dr=0&er=0&lr=all&net=0&cd=0%7C0%7C0%7C&cv=1&br=1650&bt=825&cs=0&ds=6&ft=td_Ls8s6oU.N12Nvhfq8eIxRWFSgHF_45SY&mime_type=video_mp4&qs=0&rc=OWQ8OWYzZjU5aWhmNzZpZkBpM21tZGg6ZjxsZzMzNzczM0BjM2FiYi4vXmExYF9fYWNjYSNwXnIwcjRfazVgLS1kMTZzcw%3D%3D&vvpl=1&l=20250120111410F480B53F9D2DAEE856A1&btag=e00095000', 'https://v19.tiktokcdn-eu.com/0ae40cde0db4b249d0706b0321ee6eb9/678f81d1/video/tos/useast2a/tos-useast2a-ve-0068c001/0135ebb11ec942559321c34a27d4ac1d/?a=1233&bti=NXYpNDs8QGo6OjZAOm00NTAuYCMxNDNg&ch=0&cr=13&dr=0&er=0&lr=all&net=0&cd=0%7C0%7C0%7C&cv=1&br=1650&bt=825&cs=0&ds=6&ft=td_Ls8s6oU.N12Nvhfq8eIxRWFSgHF_45SY&mime_type=video_mp4&qs=0&rc=OWQ8OWYzZjU5aWhmNzZpZkBpM21tZGg6ZjxsZzMzNzczM0BjM2FiYi4vXmExYF9fYWNjYSNwXnIwcjRfazVgLS1kMTZzcw%3D%3D&vvpl=1&l=20250120111410F480B53F9D2DAEE856A1&btag=e00090000', 'https://api16-normal-c-useast2a.tiktokv.com/aweme/v1/play/?faid=1233&file_id=fcffd3b4bcce4fd6a22c10ece6d96af6&is_play_url=1&item_id=7156549294097435909&line=0&signaturev3=dmlkZW9faWQ7ZmlsZV9pZDtpdGVtX2lkLjFiYjM2YzdkYjQwYmI2ZjBlOTg5Y2I5NGQyZmFmYWZl&source=CHALLENGE_AWEME&video_id=v09044g40000cd8in9bc77ue3aujajs0']",3512,1469768,335
7156922485236157701,2022-10-21,6832307469964887046,Come funzionano gli autobus elettrici? Oggi lo scopriamo al Lido di Venezia! üçÄ #ambiente #energia #climatechange #earthday #autobus #green ,"['https://v77.tiktokcdn-eu.com/04dc8524710dce48a24823b75a992c28/678f81e5/video/tos/useast2a/tos-useast2a-ve-0068c001/27ca28002a524bcd945365405e8bc6db/?a=1233&bti=NXYpNDs8QGo6OjZAOm00NTAuYCMxNDNg&ch=0&cr=13&dr=0&er=0&lr=all&net=0&cd=0%7C0%7C0%7C&cv=1&br=2598&bt=1299&cs=0&ds=6&ft=p6JrAMMK8Zmo0aQWHb4jVUWNHfFrKsd.&mime_type=video_mp4&qs=0&rc=OzM3NGU6MztpM2k8OmU2Z0BpanVtcTU6Zmc6ZzMzNzczM0AxYWBhYWIxNTUxM2E2MTItYSNeZmhrcjQwcTZgLS1kMTZzcw%3D%3D&vvpl=1&l=202501201114471F866DE6846E75E67B57&btag=e00090000', 'https://v16m.tiktokcdn-eu.com/1c10059653da2da524b37fb89a2fcc81/678f81e5/video/tos/useast2a/tos-useast2a-ve-0068c001/27ca28002a524bcd945365405e8bc6db/?a=1233&bti=NXYpNDs8QGo6OjZAOm00NTAuYCMxNDNg&ch=0&cr=13&dr=0&er=0&lr=all&net=0&cd=0%7C0%7C0%7C&cv=1&br=2598&bt=1299&cs=0&ds=6&ft=p6JrAMMK8Zmo0aQWHb4jVUWNHfFrKsd.&mime_type=video_mp4&qs=0&rc=OzM3NGU6MztpM2k8OmU2Z0BpanVtcTU6Zmc6ZzMzNzczM0AxYWBhYWIxNTUxM2E2MTItYSNeZmhrcjQwcTZgLS1kMTZzcw%3D%3D&vvpl=1&l=202501201114471F866DE6846E75E67B57&btag=e00090000', 'https://api16-normal-c-useast2a.tiktokv.com/aweme/v1/play/?faid=1233&file_id=0d534b97d96f408f8840e7dbd1c4d048&is_play_url=1&item_id=7156922485236157701&line=0&signaturev3=dmlkZW9faWQ7ZmlsZV9pZDtpdGVtX2lkLjU5OGE0ZjAwNzNmMWMwMGQ2NTAyMWI3OTJmMGE5MDBi&source=CHALLENGE_AWEME&video_id=v09044g40000cd97td3c77u2nnkjirag']",120,279167,233
7157342934294170907,2022-10-22,6604413452785516546,"Bersedia Kemungkinan Banjir Kilat Dan Hujan Ribut Petir Di Negeri Kedah, Melaka, Negeri 9, Johor Dan Terengganu. #banjir2022 #climatechange #tiktokmalaysia #fyp #fyp„Ç∑ #lanina ","['https://v45.tiktokcdn-eu.com/c45b12ad972ebd995e9586e929e9e670/678f81b1/video/tos/useast2a/tos-useast2a-pve-0037-aiso/3050b0d4a1b14764a3c0dc7d0db4b2ec/?a=1233&bti=NXYpNDs8QGo6OjZAOm00NTAuYCMxNDNg&ch=0&cr=13&dr=0&er=0&lr=all&net=0&cd=0%7C0%7C0%7C&cv=1&br=1804&bt=902&cs=0&ds=6&ft=td_Lr8QLodzR12NvMfq8eIxRoD3yO3_45SY&mime_type=video_mp4&qs=0&rc=NTw5Omc4OGUzPGU0ZmdkOUBpank2NWg6Zm55ZzMzZjgzM0BhMWAzYjNeXmMxYWIxYF41YSNkLm1ncjRvbTZgLS1kL2Nzcw%3D%3D&vvpl=1&l=2025012011144102CB63B6ECE8B7EB2E0D&btag=e000bd000', 'https://v16m.tiktokcdn-eu.com/7c2d09be7d50e066df45b0bee1dc29ae/678f81b1/video/tos/useast2a/tos-useast2a-pve-0037-aiso/3050b0d4a1b14764a3c0dc7d0db4b2ec/?a=1233&bti=NXYpNDs8QGo6OjZAOm00NTAuYCMxNDNg&ch=0&cr=13&dr=0&er=0&lr=all&net=0&cd=0%7C0%7C0%7C&cv=1&br=1804&bt=902&cs=0&ds=6&ft=td_Lr8QLodzR12NvMfq8eIxRoD3yO3_45SY&mime_type=video_mp4&qs=0&rc=NTw5Omc4OGUzPGU0ZmdkOUBpank2NWg6Zm55ZzMzZjgzM0BhMWAzYjNeXmMxYWIxYF41YSNkLm1ncjRvbTZgLS1kL2Nzcw%3D%3D&vvpl=1&l=2025012011144102CB63B6ECE8B7EB2E0D&btag=e000b8000', 'https://api16-normal-c-useast2a.tiktokv.com/aweme/v1/play/?faid=1233&file_id=86aacd4ce1db49f0aba565ed67c649d2&is_play_url=1&item_id=7157342934294170907&line=0&signaturev3=dmlkZW9faWQ7ZmlsZV9pZDtpdGVtX2lkLmJhYTkwNTM3ZDVlOWExNzFkMTNlZjNkMzE4MzE4YjM3&source=CHALLENGE_AWEME&video_id=v0f025gc0000cd9vpkrc77uej2p31vgg']",10041,1332025,787
7157913634226654466,2022-10-24,6743464067279258629,"What will be next, spaghetti on a Picasso? üñºÔ∏è #protest #monet #mashedpotatoes #climatechange #lastgeneration #letztegeneration #viral #trending #fyp Climate protesters threw mashed potato at the Monet painting ‚ÄòLes Meules‚Äô in a German museum to protest fossil fuel extraction, but caused no damage to the artwork.","['https://v45.tiktokcdn-eu.com/c2d4f6f907b62a23d4401b494c047d86/678f8185/video/tos/alisg/tos-alisg-pve-0037c001/2cae884c84554ffea0c24ad5541c54b1/?a=1233&bti=NXYpNDs8QGo6OjZAOm00NTAuYCMxNDNg&ch=0&cr=13&dr=0&er=0&lr=all&net=0&cd=0%7C0%7C0%7C&cv=1&br=2726&bt=1363&cs=0&ds=6&ft=td_Lr8QLodzR12NvQpd8eIxRVdZ1~3_45SY&mime_type=video_mp4&qs=0&rc=Ojc6OTVnNzc0NzM2NDk8ZkBpanVkczk6ZmkzZzMzODczNEBfXi1gX2MuNjAxNjUtMjIxYSMuaC1fcjRnNF9gLS1kMS1zcw%3D%3D&vvpl=1&l=202501201114001D1DF9752AE9EAE96935&btag=e000b5000', 'https://v15m.tiktokcdn-eu.com/8d611e2d20ab3766d614e2e787141779/678f8185/video/tos/alisg/tos-alisg-pve-0037c001/2cae884c84554ffea0c24ad5541c54b1/?a=1233&bti=NXYpNDs8QGo6OjZAOm00NTAuYCMxNDNg&ch=0&cr=13&dr=0&er=0&lr=all&net=0&cd=0%7C0%7C0%7C&cv=1&br=2726&bt=1363&cs=0&ds=6&ft=td_Lr8QLodzR12NvQpd8eIxRVdZ1~3_45SY&mime_type=video_mp4&qs=0&rc=Ojc6OTVnNzc0NzM2NDk8ZkBpanVkczk6ZmkzZzMzODczNEBfXi1gX2MuNjAxNjUtMjIxYSMuaC1fcjRnNF9gLS1kMS1zcw%3D%3D&vvpl=1&l=202501201114001D1DF9752AE9EAE96935&btag=e000b0000', 'https://api16-normal-c-useast2a.tiktokv.com/aweme/v1/play/?faid=1233&file_id=4c595601839044319414fdb2c607a4b7&is_play_url=1&item_id=7157913634226654466&line=0&signaturev3=dmlkZW9faWQ7ZmlsZV9pZDtpdGVtX2lkLmE5YTgxYzUxZjA2ZTJmOGExZWQwNjM2YTkyYjczMThj&source=CHALLENGE_AWEME&video_id=v10044g50000cdb07fjc77u6bp0akr1g']",5343,6376439,12497
7158627404683054382,2022-10-26,7082830800441951278,Greenwashing (verb): when corporations claim they‚Äôre going green but don‚Äôt do anything to back it up. #bigoil #climatechange #climateaction #oil #climatecrisistiktok #greenscreen ,"['https://v16m.tiktokcdn-eu.com/d3dbbd85455827d40a0ac0724064f099/678f819d/video/tos/maliva/tos-maliva-ve-0068c799-us/dd0c4c6d353c44079c431eb0bd3ca79a/?a=1233&bti=Ojs2NGYpQHM6OjZALjU2OmQvcCMxNDNg&ch=0&cr=13&dr=0&er=0&lr=all&net=0&cd=0%7C0%7C0%7C&cv=1&br=662&bt=331&cs=0&ds=6&ft=XsFbEqT0mIsPD12vxMyJ3wUYvpmHaeF~O5&mime_type=video_mp4&qs=0&rc=NjtpZWdnOjk4ZmVpNmdlZkBpanhtcDc6Zjg7ZzMzZzczNEBiXmNeNV5eXzYxMjE2MmAzYSMzb2AxcjRvb2BgLS1kMS9zcw%3D%3D&vvpl=1&l=2025012011142186B093210DF43CF10780&btag=e000b8000', 'https://v77.tiktokcdn-eu.com/b7293a37d3bb3654cc2aa4efd8bbc4cd/678f819d/video/tos/maliva/tos-maliva-ve-0068c799-us/dd0c4c6d353c44079c431eb0bd3ca79a/?a=1233&bti=Ojs2NGYpQHM6OjZALjU2OmQvcCMxNDNg&ch=0&cr=13&dr=0&er=0&lr=all&net=0&cd=0%7C0%7C0%7C&cv=1&br=662&bt=331&cs=0&ds=6&ft=XsFbEqT0mIsPD12vxMyJ3wUYvpmHaeF~O5&mime_type=video_mp4&qs=0&rc=NjtpZWdnOjk4ZmVpNmdlZkBpanhtcDc6Zjg7ZzMzZzczNEBiXmNeNV5eXzYxMjE2MmAzYSMzb2AxcjRvb2BgLS1kMS9zcw%3D%3D&vvpl=1&l=2025012011142186B093210DF43CF10780&btag=e000b8000', 'https://api16-normal-c-useast2a.tiktokv.com/aweme/v1/play/?faid=1233&file_id=6ccb5d934f5b4c95b6a7ad8dabffa8e3&is_play_url=1&item_id=7158627404683054382&line=0&signaturev3=dmlkZW9faWQ7ZmlsZV9pZDtpdGVtX2lkLjA2NTgyOGViMTdlMDFjYTA0NTYyMDMxOTFkYTViMzMy&source=CHALLENGE_AWEME&video_id=v12044gd0000cdc8r5rc77u44mcjru6g']",770,387533,1319
7159681803257662762,2022-10-28,7082830800441951278,Climate action is fiscally responsible. #climatechange #climateaction #climatecrisis #vote #voteblue #midterms2022 #congress,"['https://v45.tiktokcdn-eu.com/d4ef38713bf4d93e6666118d30ded2a5/678f8198/video/tos/maliva/tos-maliva-ve-0068c799-us/a4d0ef75fbf149b38a6fefe37235d97a/?a=1233&bti=NXYpNDs8QGo6OjZAOm00NTAuYCMxNDNg&ch=0&cr=13&dr=0&er=0&lr=all&net=0&cd=0%7C0%7C0%7C&cv=1&br=2148&bt=1074&cs=0&ds=6&ft=td_Lr8QLodzR12Nv9fq8eIxRZJhY73_45SY&mime_type=video_mp4&qs=0&rc=ZGRmOzg5NmZoOmlnOTs3OkBpanI3ZTs6Zjw3ZzMzZzczNEAzL2NgMGJeNmAxYl82Y2MzYSNrZW0ucjQwamJgLS1kMS9zcw%3D%3D&vvpl=1&l=20250120111425E8E2E72CE3FDD3FB9EDC&btag=e000b5000', 'https://v15m.tiktokcdn-eu.com/98b8e28f1d4a7a9f71b1b8c791dda9bf/678f8198/video/tos/maliva/tos-maliva-ve-0068c799-us/a4d0ef75fbf149b38a6fefe37235d97a/?a=1233&bti=NXYpNDs8QGo6OjZAOm00NTAuYCMxNDNg&ch=0&cr=13&dr=0&er=0&lr=all&net=0&cd=0%7C0%7C0%7C&cv=1&br=2148&bt=1074&cs=0&ds=6&ft=td_Lr8QLodzR12Nv9fq8eIxRZJhY73_45SY&mime_type=video_mp4&qs=0&rc=ZGRmOzg5NmZoOmlnOTs3OkBpanI3ZTs6Zjw3ZzMzZzczNEAzL2NgMGJeNmAxYl82Y2MzYSNrZW0ucjQwamJgLS1kMS9zcw%3D%3D&vvpl=1&l=20250120111425E8E2E72CE3FDD3FB9EDC&btag=e000b0000', 'https://api16-normal-c-useast2a.tiktokv.com/aweme/v1/play/?faid=1233&file_id=67f4f896bdef47ce9ca3e635c8fc2a6a&is_play_url=1&item_id=7159681803257662762&line=0&signaturev3=dmlkZW9faWQ7ZmlsZV9pZDtpdGVtX2lkLjY0Y2UwMWQ4NTAyMGI3ZDZlYzRkNjE1ODUyMjhkZTY4&source=CHALLENGE_AWEME&video_id=v12044gd0000cde4m93c77u81bp4hong']",386,400246,993
